tipo_onda,hora,n_linhas,n_operadores,fracao_linhas_cortadas
checkout,8,5607,15,0.003388621366149456
checkout,9,3061,15,0.0022868343678536427
checkout,10,1580,15,0.002531645569620253
checkout,11,975,10,0.003076923076923077
checkout,12,1033,11,0.008712487899322363
checkout,13,478,9,0.0
checkout,14,550,7,0.0036363636363636364
checkout,15,528,10,0.0
checkout,16,743,12,0.0026917900403768506
checkout,17,511,9,0.009784735812133072
colmeia,8,2223,15,0.058029689608636977
colmeia,9,3458,17,0.07027183342972816
colmeia,10,1715,17,0.06355685131195335
colmeia,11,1328,12,0.04819277108433735
colmeia,12,1042,12,0.046065259117082535
colmeia,13,349,10,0.05157593123209169
colmeia,14,393,10,0.07888040712468193
colmeia,15,574,12,0.08188153310104529
colmeia,16,643,12,0.060653188180404355
colmeia,17,406,11,0.04433497536945813
pedido_a_pedido,8,2147,28,0.006520726595249185
pedido_a_pedido,9,1890,28,0.020634920634920634
pedido_a_pedido,10,1825,27,0.0273972602739726
pedido_a_pedido,11,2110,29,0.02132701421800948
pedido_a_pedido,12,2163,25,0.01756819232547388
pedido_a_pedido,13,1217,21,0.020542317173377157
pedido_a_pedido,14,1248,23,0.02564102564102564
pedido_a_pedido,15,1427,24,0.01751927119831815
pedido_a_pedido,16,1461,24,0.025325119780971937
pedido_a_pedido,17,872,22,0.013761467889908258
