variante,teto_s,tipo_onda,horas_creditadas,horas_descartadas_liquidas,fracao_descartada,horas_fora_da_sequencia_lote_e_robo
base,300,pedido_a_pedido,598.3725,1994.4158333333332,0.7692166027179234,17553.18972222222
base,300,checkout,113.18138888888889,225.60916666666665,0.6659251946876389,0.03638888888888889
base,300,colmeia,220.3986111111111,456.14472222222224,0.674228389739345,2571.9416666666666
base,300,todos,931.9525,2676.1697222222224,0.7417070590735101,20125.167777777777
base,600,pedido_a_pedido,716.8016666666666,1875.9866666666667,0.723540229855503,17553.18972222222
base,600,checkout,148.44722222222222,190.34333333333333,0.5618318758065866,0.03638888888888889
base,600,colmeia,257.27472222222224,419.2686111111111,0.6197217391018724,2571.9416666666666
base,600,todos,1122.5236111111112,2485.598611111111,0.6888898041763798,20125.167777777777
base,900,pedido_a_pedido,789.6277777777777,1803.1605555555554,0.6954522790672162,17553.18972222222
base,900,checkout,170.46027777777778,168.33027777777778,0.49685646490867025,0.03638888888888889
base,900,colmeia,283.34555555555556,393.1977777777778,0.5811863902944543,2571.9416666666666
base,900,todos,1243.433611111111,2364.688611111111,0.6553792985578833,20125.167777777777
base,1800,pedido_a_pedido,957.85,1634.9383333333333,0.6305714632830935,17553.18972222222
base,1800,checkout,206.79638888888888,131.99416666666667,0.3896040326455381,0.03638888888888889
base,1800,colmeia,331.12305555555554,345.42027777777776,0.5105663758090555,2571.9416666666666
base,1800,todos,1495.7694444444444,2112.3527777777776,0.5854437980975022,20125.167777777777
s3,300,pedido_a_pedido,598.5758333333333,1996.0805555555555,0.7693043919431422,0.0
s3,300,checkout,113.14277777777778,227.44333333333333,0.6677997895784228,0.0
s3,300,colmeia,185.3647222222222,561.7594444444444,0.75189569486256,0.0
s3,300,todos,897.0833333333334,2785.2833333333333,0.7563840283875406,0.0
s3,600,pedido_a_pedido,716.8911111111111,1877.7652777777778,0.7237047979913418,0.0
s3,600,checkout,148.4086111111111,192.1775,0.5642552462666481,0.0
s3,600,colmeia,218.43777777777777,528.6863888888889,0.7076285475380226,0.0
s3,600,todos,1083.7375,2598.6291666666666,0.705695386119434,0.0
s3,900,pedido_a_pedido,789.7172222222222,1804.9391666666668,0.6956370694770866,0.0
s3,900,checkout,170.42166666666665,170.16444444444446,0.49962238298358225,0.0
s3,900,colmeia,240.93138888888888,506.1927777777778,0.6775216227259563,0.0
s3,900,todos,1201.0702777777778,2481.296388888889,0.6738319709848437,0.0
s3,1800,pedido_a_pedido,957.9394444444445,1636.7169444444444,0.6308029654536786,0.0
s3,1800,checkout,206.7577777777778,133.82833333333335,0.39293538100170455,0.0
s3,1800,colmeia,275.52777777777777,471.5963888888889,0.6312155461292877,0.0
s3,1800,todos,1440.225,2242.141666666667,0.6088860424907895,0.0
