semana_iso,dias,ped_pap,ped_chk,ped_col,end_pap,end_out,lt_pap_inf,lt_out_inf,ped_tot,part_ped,part_m05,part_m06,segmento,ajuste
23,3,347.0,131.0,0.0,723.0,131.0,704.0,131.0,478.0,0.7259414225941423,0.8466042154566745,0.8431137724550898,antes da colmeia,0.7192396965088361
24,4,528.0,144.0,0.0,1018.0,144.0,995.0,144.0,672.0,0.7857142857142857,0.8760757314974182,0.8735733099209834,antes da colmeia,0.7314271943911834
25,5,554.0,220.0,0.0,1175.0,220.0,1164.0,220.0,774.0,0.7157622739018088,0.8422939068100358,0.8410404624277457,antes da colmeia,0.7436146922735306
26,5,510.0,172.0,0.0,928.0,172.0,916.0,172.0,682.0,0.7478005865102639,0.8436363636363636,0.8419117647058824,antes da colmeia,0.7558021901558779
27,5,562.0,181.0,0.0,1035.0,181.0,1005.0,181.0,743.0,0.756393001345895,0.8511513157894737,0.8473861720067454,antes da colmeia,0.7679896880382251
28,5,337.0,225.0,144.0,658.0,532.0,644.0,528.0,706.0,0.4773371104815864,0.5529411764705883,0.5494880546075085,com colmeia,0.25083426775837325
29,5,215.0,265.0,311.0,457.0,896.0,458.0,863.0,791.0,0.2718078381795196,0.3377679231337768,0.34670704012112036,com colmeia,0.26302176564072055
30,5,204.0,209.0,263.0,394.0,736.0,394.0,726.0,676.0,0.30177514792899407,0.3486725663716814,0.3517857142857143,com colmeia,0.27520926352306774
31,5,136.0,207.0,242.0,245.0,674.0,238.0,670.0,585.0,0.23247863247863249,0.26659412404787813,0.2621145374449339,com colmeia,0.28739676140541504
32,5,173.0,271.0,371.0,398.0,1031.0,386.0,1015.0,815.0,0.21226993865030674,0.27851644506648005,0.2755174875089222,com colmeia,0.2995842592877622
33,5,134.0,277.0,342.0,285.0,964.0,286.0,952.0,753.0,0.17795484727755645,0.22818254603682947,0.2310177705977383,com colmeia,0.3117717571701095
34,5,125.0,239.0,291.0,261.0,823.0,250.0,808.0,655.0,0.19083969465648856,0.24077490774907748,0.23629489603024575,com colmeia,0.3239592550524568
35,5,269.0,198.0,173.0,511.0,547.0,513.0,542.0,640.0,0.4203125,0.4829867674858223,0.48625592417061614,com colmeia,0.336146752934804
36,5,227.0,239.0,304.0,436.0,881.0,438.0,871.0,770.0,0.2948051948051948,0.3310554290053151,0.33460656990068754,com colmeia,0.3483342508171513
37,4,96.0,284.0,347.0,225.0,984.0,226.0,974.0,727.0,0.13204951856946354,0.18610421836228289,0.18833333333333332,com colmeia,0.3605217486994985
38,5,132.0,274.0,327.0,258.0,928.0,266.0,921.0,733.0,0.1800818553888131,0.2175379426644182,0.22409435551811288,com colmeia,0.3727092465818458
39,4,6.0,0.0,0.0,6.0,0.0,6.0,0.0,6.0,1.0,1.0,1.0,com colmeia,0.3848967444641931
