perfil,custo_hora_brl,fonte,data_atualizacao,observacoes
Diretor técnico (CTO),267.14,"benchmark: Glassdoor (via resultado de busca; página bloqueia acesso direto) Diretor de Tecnologia Campinas/SP 2026 salário base R$ 21-23 mil/mês (variável média R$ 13 mil excluída) https://www.glassdoor.com.br/Sal%C3%A1rios/campinas-s%C3%A3o-paulo-diretor-de-tecnologia-sal%C3%A1rio-SRCH_IL.0,18_IC2490130_KO19,40.htm + premissa encargos+benefícios 1.70 (Simples Anexo II sem CPP na folha: encargos ~29% + benefícios obrigatórios ≈1,58 segundo https://berga.app/blog/custo-funcionario-simples-nacional; arredondado p/ 1,70 para cobrir plano de saúde e outros) / 140 h",2026-10-01,BENCHMARK provisório — substituir pelo Budget 2026 aba DRE
Engenheiro de software sênior,155.19,"benchmark: Glassdoor (via resultado de busca; página bloqueia acesso direto) Senior Software Engineer Campinas/SP média R$ 12.780 (P25 10.500; P75 15.850; 516 salários até ago/2026) https://www.glassdoor.com.br/Sal%C3%A1rios/campinas-senior-software-engineer-sal%C3%A1rio-SRCH_IL.0,8_IC2490130_KO9,33.htm; checagem Robert Half 2026 Dev Back-End Sênior SP mediana R$ 16.000 https://www.roberthalf.com/br/pt/vagas-detalhes/desenvolvedora-back-end-senior/sao-paulo + premissa encargos+benefícios 1.70 (Simples Anexo II sem CPP na folha: encargos ~29% + benefícios obrigatórios ≈1,58 segundo https://berga.app/blog/custo-funcionario-simples-nacional; arredondado p/ 1,70 para cobrir plano de saúde e outros) / 140 h",2026-10-01,BENCHMARK provisório — substituir pelo Budget 2026 aba DRE
Engenheiro eletrônico pleno,107.67,"benchmark: Glassdoor (via resultado de busca; página bloqueia acesso direto) Engenheiro Eletrônico Pleno Campinas/SP média R$ 8.867 (P25 8.400; P75 9.333; dados de 2023 — amostra antiga) https://www.glassdoor.com.br/Sal%C3%A1rios/campinas-engenheiro-eletr%C3%B4nico-pleno-sal%C3%A1rio-SRCH_IL.0,8_IC2490130_KO9,36.htm + premissa encargos+benefícios 1.70 (Simples Anexo II sem CPP na folha: encargos ~29% + benefícios obrigatórios ≈1,58 segundo https://berga.app/blog/custo-funcionario-simples-nacional; arredondado p/ 1,70 para cobrir plano de saúde e outros) / 140 h",2026-10-01,BENCHMARK provisório — substituir pelo Budget 2026 aba DRE
Desenvolvedor frontend pleno,112.32,"benchmark: Robert Half Guia Salarial 2026 Dev Front-End Pleno São Paulo P25 R$ 9.250 (mediana 12.100; P25 adotado como proxy de Campinas — relatos Glassdoor Campinas R$ 6-10 mil) https://www.roberthalf.com/br/pt/vagas-detalhes/desenvolvedora-front-end-pleno/sao-paulo + premissa encargos+benefícios 1.70 (Simples Anexo II sem CPP na folha: encargos ~29% + benefícios obrigatórios ≈1,58 segundo https://berga.app/blog/custo-funcionario-simples-nacional; arredondado p/ 1,70 para cobrir plano de saúde e outros) / 140 h",2026-10-01,BENCHMARK provisório — substituir pelo Budget 2026 aba DRE
Analista de engenharia mecânica júnior,70.56,"benchmark: Glassdoor (via resultado de busca; página bloqueia acesso direto) Analista de Engenharia Júnior Brasil média R$ 5.811 (P25 3.896; P75 7.667; relatos Campinas eng. mecânico júnior 1-3 anos ~R$ 4.800-5.000) https://www.glassdoor.com.br/Sal%C3%A1rios/analista-de-engenharia-j%C3%BAnior-sal%C3%A1rio-SRCH_KO0,29.htm + premissa encargos+benefícios 1.70 (Simples Anexo II sem CPP na folha: encargos ~29% + benefícios obrigatórios ≈1,58 segundo https://berga.app/blog/custo-funcionario-simples-nacional; arredondado p/ 1,70 para cobrir plano de saúde e outros) / 140 h",2026-10-01,BENCHMARK provisório — substituir pelo Budget 2026 aba DRE
Engenheiro mecânico sênior (freelancer),164.64,"benchmark: valor-hora PJ = salário-hora CLT teto Engenheiro Mecânico Brasil R$ 82,32/h (Salario.com.br/CAGED 2026 https://www.salario.com.br/profissao/engenheiro-mecanico-cbo-214405/) × 2,0 (ponto médio da regra de mercado 1,5-2,5× CLT para PJ https://www.horajusta.com.br/ferramentas/valor-por-hora); coerente com faixa freelancer engenheiro SP R$ 108-297/h https://www.freelasemcrise.com.br/quanto-cobra/engenheiro/sao-paulo; sem encargos (PJ) e sem fator 140 h",2026-10-01,BENCHMARK provisório — substituir pelo Budget 2026 aba DRE
Comercial e suporte ao cliente,59.50,"benchmark: Glassdoor (via resultado de busca; página bloqueia acesso direto) Customer Success Campinas/SP média R$ 4.900 (P25 2.973; P75 9.500; sem comissão) https://www.glassdoor.com.br/Sal%C3%A1rios/campinas-sp-customer-success-sal%C3%A1rio-SRCH_IL.0,11_IC2490130_KO12,28.htm + premissa encargos+benefícios 1.70 (Simples Anexo II sem CPP na folha: encargos ~29% + benefícios obrigatórios ≈1,58 segundo https://berga.app/blog/custo-funcionario-simples-nacional; arredondado p/ 1,70 para cobrir plano de saúde e outros) / 140 h",2026-10-01,BENCHMARK provisório — substituir pelo Budget 2026 aba DRE
Analista financeiro e de processos sênior,72.86,"benchmark: Glassdoor (via resultado de busca; página bloqueia acesso direto) Analista Financeiro Sênior Campinas/SP salário base médio R$ 6 mil (faixa R$ 5-8 mil; Brasil média 6.933) https://www.glassdoor.com.br/Sal%C3%A1rios/campinas-sp-analista-financeiro-senior-sal%C3%A1rio-SRCH_IL.0,11_IC2490130_KO12,38.htm + premissa encargos+benefícios 1.70 (Simples Anexo II sem CPP na folha: encargos ~29% + benefícios obrigatórios ≈1,58 segundo https://berga.app/blog/custo-funcionario-simples-nacional; arredondado p/ 1,70 para cobrir plano de saúde e outros) / 140 h",2026-10-01,BENCHMARK provisório — substituir pelo Budget 2026 aba DRE
Analista de marketing,62.43,"benchmark: Glassdoor (via resultado de busca; página bloqueia acesso direto) Analista de Marketing Pleno Campinas/SP média R$ 5.141 (P25 3.917; P75 6.575; nível pleno adotado como premissa) https://www.glassdoor.com.br/Sal%C3%A1rios/campinas-sp-analista-de-marketing-pleno-sal%C3%A1rio-SRCH_IL.0,11_IC2490130_KO12,39.htm + premissa encargos+benefícios 1.70 (Simples Anexo II sem CPP na folha: encargos ~29% + benefícios obrigatórios ≈1,58 segundo https://berga.app/blog/custo-funcionario-simples-nacional; arredondado p/ 1,70 para cobrir plano de saúde e outros) / 140 h",2026-10-01,BENCHMARK provisório — substituir pelo Budget 2026 aba DRE
