depositante,pedidos,pedidos_multi,ondas,ondas_multi,fracao_pedidos_multiunidade,fracao_ondas_multiunidade
ESTRELA,4514.0,0.0,313.0,0.0,0.0,0.0
ROYAL CANIN,3562.0,0.0,330.0,0.0,0.0,0.0
ALFAPARF MILANO,3197.0,0.0,222.0,0.0,0.0,0.0
SR PRECO,1809.0,140.0,162.0,8.0,0.07739082365948037,0.04938271604938271
VIC BEAUTE,1415.0,0.0,134.0,0.0,0.0,0.0
PET TREATS,264.0,17.0,74.0,4.0,0.06439393939393939,0.05405405405405406
CONDOR,255.0,0.0,44.0,0.0,0.0,0.0
COTY IT,73.0,0.0,25.0,0.0,0.0,0.0
outros (menos de PAR07 pedidos ou ondas),11.0,0.0,4.0,0.0,0.0,0.0
