escopo,variante,unidade,n_dias,media,mediana,p90,maximo,p90_ic95_inf,p90_ic95_sup,p90_unidade_ic,media_ic95_inf,media_ic95_sup,mediana_ic95_inf,mediana_ic95_sup,dias_na_banda_p90,pico_hora_p90,pico_demanda_p90,pico_hora_ic95_inf,pico_hora_ic95_sup,pico_demanda_ic95_inf,pico_demanda_ic95_sup,participacao_do_pico_no_dia
"armazém, linhas","plano: período inteiro, regime pré-colmeia incluído",linhas por dia,80,1100.4125,914.0,1630.2000000000003,3408.0,1469.9450000000002,2298.600000000003,dia,983.0225,1231.6328125,801.0,1073.0,8.0,9.0,304.75,8.0,11.0,229.28000000000003,495.128125,0.16995468804461486
"armazém, linhas",sem dias pós-pausa,linhas por dia,77,1037.8051948051948,903.0,1597.4000000000003,2656.0,1397.0,1996.000000000001,dia,939.3965324675324,1146.5131539858062,795.0,1043.0,8.0,8.0,290.375,8.0,11.0,259.55104166666666,428.3712121212122,0.1783493282149712
"Royal Canin pedido-a-pedido, linhas","plano: período inteiro, regime pré-colmeia incluído",linhas por dia,80,112.65,79.5,232.90000000000026,453.0,152.18999999999994,328.0,semana,80.45228937728938,147.83009868421053,60.0,125.0,8.0,11.0,45.5,9.0,12.0,27.399375,57.125,0.18109452736318407
"Royal Canin pedido-a-pedido, linhas",sem dias pós-pausa,linhas por dia,77,111.74025974025975,79.0,230.0,453.0,150.0,303.40000000000043,semana,80.16831409331411,146.09479746835444,60.0,125.0,8.0,11.0,44.875,9.0,12.0,27.496875000000003,56.00227272727273,0.19004764425622023
"Royal Canin pedido-a-pedido, linhas",sem o incidente: período inteiro sem 21 a 25/09,linhas por dia,76,118.5,84.0,244.5,453.0,159.0,332.20000000000005,semana,86.28196202531646,154.7405938264634,68.0,134.0,8.0,11.0,45.5,9.0,12.0,30.0,57.5,0.18109452736318407
"Royal Canin pedido-a-pedido, linhas",sem o incidente e sem dias pós-pausa,linhas por dia,74,116.1891891891892,84.0,230.0,453.0,,,,,,,,,,,,,,,
"Royal Canin pedido-a-pedido, linhas","BASE: pós-colmeia, sem 21 a 25/09",linhas por dia,54,76.44444444444444,68.0,110.4,374.0,89.4,187.7000000000001,semana,62.61800505050505,92.2909090909091,54.0,79.0,6.0,11.0,22.833333333333332,9.0,16.0,17.857142857142858,40.57142857142857,0.17792207792207793
"Royal Canin pedido-a-pedido, linhas","pós-colmeia, sem 21 a 25/09 e sem dias pós-pausa",linhas por dia,53,76.37735849056604,68.0,110.60000000000001,374.0,90.20000000000002,200.0,semana,61.99952830188679,91.60458833619212,54.0,79.0,6.0,11.0,22.833333333333332,9.0,16.0,17.599285714285717,41.10107142857144,0.17792207792207793
"Royal Canin pedido-a-pedido, linhas",janela normal de ANA-002 (24/08 a 18/09),linhas por dia,19,75.26315789473684,75.0,112.19999999999999,159.0,82.6,159.0,dia,53.666666666666664,94.7,48.0,81.0,5.0,12.0,15.0,9.0,16.0,15.0,32.6,0.1497005988023952
"Royal Canin checkout, pedidos","plano: período inteiro, regime pré-colmeia incluído",pedidos por dia,80,44.2,40.5,84.20000000000002,117.0,68.10000000000001,90.30000000000003,dia,37.62478595890411,49.73426028481013,33.5,48.0,8.0,8.0,34.375,8.0,16.0,19.624375,50.111111111111114,0.40263543191800877
"Royal Canin checkout, pedidos",sem dias pós-pausa,pedidos por dia,77,43.96103896103896,41.0,84.0,98.0,67.80000000000001,90.0,dia,38.506493506493506,49.558766233766235,35.0,48.0,10.0,8.0,36.4,8.0,10.0,18.498863636363637,49.22222222222222,0.443361753958587
"Royal Canin checkout, pedidos",sem o incidente: período inteiro sem 21 a 25/09,pedidos por dia,76,46.526315789473685,41.0,85.0,117.0,68.5,91.5,dia,41.10493421052632,52.223684210526315,36.0,48.5,8.0,8.0,34.375,8.0,16.0,19.624375,49.9,0.40263543191800877
"Royal Canin checkout, pedidos",sem o incidente e sem dias pós-pausa,pedidos por dia,74,45.74324324324324,41.0,84.0,98.0,,,,,,,,,,,,,,,
"Royal Canin checkout, pedidos","BASE: pós-colmeia, sem 21 a 25/09",pedidos por dia,54,49.77777777777778,43.0,86.7,117.0,68.4,93.0,dia,43.44398148148148,56.3337962962963,38.5,53.5,6.0,8.0,41.666666666666664,8.0,10.0,18.6,54.448333333333345,0.4798464491362764
"Royal Canin checkout, pedidos","pós-colmeia, sem 21 a 25/09 e sem dias pós-pausa",pedidos por dia,53,48.509433962264154,43.0,85.60000000000001,98.0,67.0,90.0,dia,42.339622641509436,54.924528301886795,38.0,53.0,6.0,8.0,41.666666666666664,8.0,10.0,16.995,54.16964285714287,0.4798464491362764
"Royal Canin checkout, pedidos",janela normal de ANA-002 (24/08 a 18/09),pedidos por dia,19,52.36842105263158,43.0,90.6,117.0,65.8,117.0,dia,40.15657894736842,65.21315789473685,33.0,67.0,5.0,8.0,28.4,8.0,13.0,15.8,42.0,0.35061728395061725
"Royal Canin colmeia, linhas",plano: dias plenos desde a primeira semana com colmeia,linhas por dia,58,108.75862068965517,103.0,210.8,322.0,149.8,259.0,dia,84.1375,130.18686440677965,79.98750000000004,119.0,6.0,9.0,53.0,8.0,12.0,30.714285714285715,80.5,0.2490211433046202
"Royal Canin colmeia, linhas",sem dias pós-pausa,linhas por dia,56,106.89285714285714,103.0,205.5,274.0,143.5,248.0,dia,85.26919642857143,124.8582142857143,81.0,119.0,6.0,9.0,47.833333333333336,8.0,12.0,29.428571428571427,77.83333333333333,0.24198988195615517
"Royal Canin colmeia, linhas",sem o incidente: período inteiro sem 21 a 25/09,linhas por dia,54,116.81481481481481,107.0,213.20000000000002,322.0,152.20000000000002,259.0,dia,98.16227272727272,134.5679245283019,87.0,124.0,5.0,9.0,52.6,8.0,12.0,32.0,84.5,0.23566308243727596
"Royal Canin colmeia, linhas",sem o incidente e sem dias pós-pausa,linhas por dia,53,112.94339622641509,107.0,207.60000000000002,274.0,,,,,,,,,,,,,,,
"Royal Canin colmeia, linhas","BASE: pós-colmeia, sem 21 a 25/09",linhas por dia,54,116.81481481481481,107.0,213.20000000000002,322.0,152.20000000000002,259.0,dia,98.48954545454545,135.2894230769231,87.0,124.0,5.0,9.0,52.6,8.975000000000009,12.0,32.0,84.5,0.23566308243727596
"Royal Canin colmeia, linhas","pós-colmeia, sem 21 a 25/09 e sem dias pós-pausa",linhas por dia,53,112.94339622641509,107.0,207.60000000000002,274.0,148.0,248.0,dia,97.03679245283018,129.66179245283018,85.0,121.0,5.0,9.0,51.0,8.0,12.0,30.398333333333333,82.8,0.2478134110787172
"Royal Canin colmeia, linhas",janela normal de ANA-002 (24/08 a 18/09),linhas por dia,19,123.42105263157895,119.0,178.39999999999995,322.0,131.39999999999998,322.0,dia,85.05,161.2941176470588,93.0,133.0,5.0,8.0,36.6,8.0,10.0,27.2,74.0,0.2517193947730399
"armazém, pedidos","plano: período inteiro, regime pré-colmeia incluído",pedidos por dia,80,545.2875,469.5,880.7000000000003,1448.0,758.0,1101.8000000000006,dia,491.41812500000003,603.063125,424.0,528.0,8.0,9.0,217.75,8.0,9.0,151.496875,293.878125,0.23572395128552098
"armazém, pedidos",sem dias pós-pausa,pedidos por dia,77,523.4675324675325,463.0,854.8000000000002,1212.0,725.6000000000004,993.800000000001,dia,475.85681818181814,573.6928571428572,409.0,516.0,8.0,9.0,186.75,8.0,9.0,139.77395833333333,265.75125,0.221464571597984
