mes,recorte,teto_s,dias_plenos,horas_dia_pleno,fte
2026-06,pap_rc,300,19,4.214239766081872,0.5749303910070767
2026-06,pap_rc,900,19,5.646769005847953,0.770364120852381
2026-06,checkout_rc,300,19,0.35830409356725146,0.048881868153786014
2026-06,checkout_rc,900,19,0.6285526315789474,0.08575070007898326
2026-06,colmeia_rc,300,19,0.0,0.0
2026-06,colmeia_rc,900,19,0.0,0.0
2026-06,escopo_alt3,300,19,4.572543859649122,0.6238122591608625
2026-06,escopo_alt3,900,19,6.2753216374269005,0.8561148209313644
2026-06,armazem,300,19,13.155701754385962,1.7947751370240057
2026-06,armazem,900,19,17.630774853801167,2.405289884556776
2026-07,pap_rc,300,23,2.030410628019324,0.2770000856779432
2026-07,pap_rc,900,23,3.0121980676328506,0.41094107334691005
2026-07,checkout_rc,300,23,0.38163043478260866,0.052064179370069394
2026-07,checkout_rc,900,23,0.6786956521739129,0.09259149415742332
2026-07,colmeia_rc,300,23,0.8612801932367148,0.11750070849068414
2026-07,colmeia_rc,900,23,1.1569565217391304,0.1578385432113411
2026-07,escopo_alt3,300,23,2.4120410628019324,0.3290642650480126
2026-07,escopo_alt3,900,23,3.6908937198067635,0.5035325675043334
2026-07,armazem,300,23,9.58984299516908,1.3083005450435308
2026-07,armazem,900,23,13.332173913043478,1.8188504656266682
2026-08,pap_rc,300,21,1.5339814814814812,0.20927441766459498
2026-08,pap_rc,900,21,2.078293650793651,0.28353255808917477
2026-08,checkout_rc,300,21,0.5632671957671957,0.07684409219197759
2026-08,checkout_rc,900,21,0.9056746031746032,0.12355724463500727
2026-08,colmeia_rc,300,21,1.3518121693121694,0.18442185120220592
2026-08,colmeia_rc,900,21,1.6377910052910054,0.2234366992211467
2026-08,escopo_alt3,300,21,2.0972486772486776,0.28611850985657267
2026-08,escopo_alt3,900,21,2.9839682539682535,0.40708980272418194
2026-08,armazem,300,21,11.250132275132275,1.534806585966204
2026-08,armazem,900,21,15.390066137566139,2.0995997459162536
2026-09,pap_rc,300,17,1.0052450980392158,0.13714121392076614
2026-09,pap_rc,900,17,1.3729738562091502,0.18730884805036155
2026-09,checkout_rc,300,17,0.48589869281045756,0.06628904403962586
2026-09,checkout_rc,900,17,0.6319607843137254,0.08621565952438272
2026-09,colmeia_rc,300,17,1.3286928104575164,0.1812677776886107
2026-09,colmeia_rc,900,17,1.6762745098039216,0.22868683626247224
2026-09,escopo_alt3,300,17,1.4911437908496732,0.20343025796039196
2026-09,escopo_alt3,900,17,2.004934640522876,0.27352450757474434
2026-09,armazem,300,17,12.785294117647059,1.744242035149667
2026-09,armazem,900,17,15.878562091503268,2.1662431229881673
