variante,teto_s,motivo,tipo_onda,ocorrencias,segundos_brutos,segundos_liquidos
base,300.0,0_creditado,checkout,3542.0,128986.0,128986.0
base,300.0,0_creditado,pedido_a_pedido,4507.0,647224.0,647224.0
base,300.0,3_lacuna_acima_do_teto_entre_tarefas,checkout,229.0,261464.0,261464.0
base,300.0,3_lacuna_acima_do_teto_entre_tarefas,pedido_a_pedido,872.0,1220271.0,1220271.0
base,300.0,4_lacuna_acima_de_par01_na_mesma_tarefa,checkout,28.0,18622.0,18622.0
base,300.0,5_lacuna_com_segmento_invalido,checkout,36.0,2182.0,2182.0
base,300.0,5_lacuna_com_segmento_invalido,pedido_a_pedido,160.0,17493.0,17493.0
base,600.0,0_creditado,checkout,3542.0,173312.0,173312.0
base,600.0,0_creditado,pedido_a_pedido,4507.0,799808.0,799808.0
base,600.0,3_lacuna_acima_do_teto_entre_tarefas,checkout,118.0,216097.0,216097.0
base,600.0,3_lacuna_acima_do_teto_entre_tarefas,pedido_a_pedido,475.0,1053410.0,1053410.0
base,600.0,4_lacuna_acima_de_par01_na_mesma_tarefa,checkout,28.0,18622.0,18622.0
base,600.0,5_lacuna_com_segmento_invalido,checkout,38.0,3223.0,3223.0
base,600.0,5_lacuna_com_segmento_invalido,pedido_a_pedido,192.0,31770.0,31770.0
base,900.0,0_creditado,checkout,3542.0,207224.0,207224.0
base,900.0,0_creditado,pedido_a_pedido,4507.0,891772.0,891772.0
base,900.0,3_lacuna_acima_do_teto_entre_tarefas,checkout,68.0,179111.0,179111.0
base,900.0,3_lacuna_acima_do_teto_entre_tarefas,pedido_a_pedido,324.0,943362.0,943362.0
base,900.0,4_lacuna_acima_de_par01_na_mesma_tarefa,checkout,28.0,18622.0,18622.0
base,900.0,5_lacuna_com_segmento_invalido,checkout,42.0,6297.0,6297.0
base,900.0,5_lacuna_com_segmento_invalido,pedido_a_pedido,217.0,49854.0,49854.0
base,1800.0,0_creditado,checkout,3542.0,250999.0,250999.0
base,1800.0,0_creditado,pedido_a_pedido,4507.0,1068925.0,1068925.0
base,1800.0,3_lacuna_acima_do_teto_entre_tarefas,checkout,25.0,122155.0,122155.0
base,1800.0,3_lacuna_acima_do_teto_entre_tarefas,pedido_a_pedido,145.0,712984.0,712984.0
base,1800.0,4_lacuna_acima_de_par01_na_mesma_tarefa,checkout,28.0,18622.0,18622.0
base,1800.0,5_lacuna_com_segmento_invalido,checkout,52.0,19478.0,19478.0
base,1800.0,5_lacuna_com_segmento_invalido,pedido_a_pedido,258.0,103079.0,103079.0
base,,1_cadencia_acima_par01,checkout,8.0,8848.0,6516.0
base,,2_cauda_acima_do_limite,checkout,8.0,9786.0,9403.0
base,,2_cauda_acima_do_limite,pedido_a_pedido,108.0,197213.0,180302.0
base,,6_tarefa_aberta_em_lote,pedido_a_pedido,7.0,13028096.0,13028096.0
base,,7_conta_do_robo,checkout,20.0,131.0,131.0
base,,7_conta_do_robo,pedido_a_pedido,194.0,69865.0,69865.0
s3,300.0,0_creditado,checkout,3542.0,128986.0,128986.0
s3,300.0,0_creditado,pedido_a_pedido,4507.0,647370.0,647370.0
s3,300.0,3_lacuna_acima_do_teto_entre_tarefas,checkout,229.0,261464.0,261464.0
s3,300.0,3_lacuna_acima_do_teto_entre_tarefas,pedido_a_pedido,873.0,1221894.0,1221894.0
s3,300.0,4_lacuna_acima_de_par01_na_mesma_tarefa,checkout,28.0,18622.0,18622.0
s3,300.0,5_lacuna_com_segmento_invalido,checkout,36.0,2182.0,2182.0
s3,300.0,5_lacuna_com_segmento_invalido,pedido_a_pedido,160.0,17450.0,17450.0
s3,600.0,0_creditado,checkout,3542.0,173312.0,173312.0
s3,600.0,0_creditado,pedido_a_pedido,4507.0,799954.0,799954.0
s3,600.0,3_lacuna_acima_do_teto_entre_tarefas,checkout,118.0,216097.0,216097.0
s3,600.0,3_lacuna_acima_do_teto_entre_tarefas,pedido_a_pedido,476.0,1055033.0,1055033.0
s3,600.0,4_lacuna_acima_de_par01_na_mesma_tarefa,checkout,28.0,18622.0,18622.0
s3,600.0,5_lacuna_com_segmento_invalido,checkout,38.0,3223.0,3223.0
s3,600.0,5_lacuna_com_segmento_invalido,pedido_a_pedido,192.0,31727.0,31727.0
s3,900.0,0_creditado,checkout,3542.0,207224.0,207224.0
s3,900.0,0_creditado,pedido_a_pedido,4507.0,891918.0,891918.0
s3,900.0,3_lacuna_acima_do_teto_entre_tarefas,checkout,68.0,179111.0,179111.0
s3,900.0,3_lacuna_acima_do_teto_entre_tarefas,pedido_a_pedido,325.0,944985.0,944985.0
s3,900.0,4_lacuna_acima_de_par01_na_mesma_tarefa,checkout,28.0,18622.0,18622.0
s3,900.0,5_lacuna_com_segmento_invalido,checkout,42.0,6297.0,6297.0
s3,900.0,5_lacuna_com_segmento_invalido,pedido_a_pedido,217.0,49811.0,49811.0
s3,1800.0,0_creditado,checkout,3542.0,250999.0,250999.0
s3,1800.0,0_creditado,pedido_a_pedido,4507.0,1069071.0,1069071.0
s3,1800.0,3_lacuna_acima_do_teto_entre_tarefas,checkout,25.0,122155.0,122155.0
s3,1800.0,3_lacuna_acima_do_teto_entre_tarefas,pedido_a_pedido,145.0,712984.0,712984.0
s3,1800.0,4_lacuna_acima_de_par01_na_mesma_tarefa,checkout,28.0,18622.0,18622.0
s3,1800.0,5_lacuna_com_segmento_invalido,checkout,52.0,19478.0,19478.0
s3,1800.0,5_lacuna_com_segmento_invalido,pedido_a_pedido,259.0,104659.0,104659.0
s3,,1_cadencia_acima_par01,checkout,8.0,8848.0,6516.0
s3,,2_cauda_acima_do_limite,checkout,8.0,9786.0,9403.0
s3,,2_cauda_acima_do_limite,pedido_a_pedido,108.0,197213.0,180302.0
