data,dia_semana,dia_pos_pausa,pedidos_chk,pedidos_pap,pedidos_col,lt_inf_pap,lt_sup_pap,m05_pap,pedidos_robo_pap
2026-08-31,1,False,90.0,49.0,75.0,89.0,89.0,93.0,1.0
2026-09-01,2,False,51.0,43.0,71.0,81.0,81.0,83.0,4.0
2026-09-02,3,False,33.0,42.0,70.0,81.0,81.0,79.0,9.0
2026-09-03,4,False,32.0,54.0,39.0,110.0,110.0,109.0,8.0
2026-09-04,5,False,33.0,39.0,49.0,77.0,77.0,72.0,16.0
2026-09-08,2,True,117.0,34.0,157.0,81.0,81.0,80.0,4.0
2026-09-09,3,False,69.0,22.0,55.0,37.0,37.0,38.0,0.0
2026-09-10,4,False,67.0,18.0,81.0,47.0,47.0,47.0,0.0
2026-09-11,5,False,31.0,22.0,54.0,61.0,61.0,60.0,3.0
2026-09-14,1,False,93.0,46.0,123.0,88.0,88.0,91.0,17.0
2026-09-15,2,False,40.0,10.0,55.0,29.0,29.0,23.0,4.0
2026-09-16,3,False,54.0,19.0,57.0,51.0,51.0,48.0,3.0
2026-09-17,4,False,65.0,23.0,41.0,44.0,44.0,42.0,4.0
2026-09-18,5,False,22.0,34.0,51.0,54.0,54.0,54.0,9.0
2026-09-21,1,False,0.0,4.0,0.0,4.0,4.0,4.0,2.0
2026-09-22,2,False,0.0,1.0,0.0,1.0,1.0,1.0,0.0
2026-09-23,3,False,0.0,1.0,0.0,1.0,1.0,1.0,0.0
2026-09-25,5,True,0.0,0.0,0.0,0.0,0.0,0.0,0.0
