teto_s,faixa_enderecos,n_linhas,n_operadores,intervalo_mediano_s,intervalo_q1_s,intervalo_q3_s,duracao_mediana_s,parcela_do_intervalo_no_ciclo
300,1,778,15,93.5,67.25,133.0,4.0,0.9010237057279805
300,2,515,15,94.0,66.0,138.0,51.0,0.6342505115103811
300,3,227,15,100.0,69.0,148.5,97.0,0.4963825757575758
300,4-5,134,12,91.5,73.0,144.25,148.5,0.36775151590149735
300,6+,34,8,94.5,70.0,182.25,290.0,0.2539102915221228
600,1,834,15,98.0,69.0,147.0,4.0,0.9121144412769345
600,2,583,16,104.0,69.5,172.5,51.0,0.6974547254651211
600,3,252,15,106.0,73.0,177.0,100.5,0.5404962127989503
600,4-5,156,13,112.5,75.0,178.25,167.5,0.43552615154163027
600,6+,41,9,103.0,75.0,225.0,291.0,0.31778872977496747
900,1,863,15,101.0,69.0,153.5,4.0,0.924114537571838
900,2,600,16,105.0,70.75,189.25,50.0,0.7198469262887783
900,3,260,15,110.5,73.75,190.5,100.5,0.5674770290964778
900,4-5,164,14,115.0,76.0,202.5,168.0,0.47344686218858406
900,6+,41,9,103.0,75.0,225.0,291.0,0.31778872977496747
1800,1,889,15,103.0,70.0,167.0,4.0,0.9376700383676316
1800,2,626,16,107.0,72.0,208.75,50.0,0.7666629107535745
1800,3,272,15,115.5,76.0,202.5,101.5,0.6368494677711962
1800,4-5,173,14,123.0,76.0,244.0,168.0,0.5353368122698736
1800,6+,43,9,163.0,75.5,238.5,289.0,0.37627202779846114
