tipo_onda,depositante,teto_s,n_linhas,n_operadores,coletas_por_hora,unidades_por_hora
checkout,ALFAPARF MILANO,900,1354,9,103.17937428559333,103.17937428559333
checkout,CONDOR,900,139,5,75.15770501652148,75.15770501652148
checkout,COTY IT,900,39,5,21.920374707259956,21.920374707259956
checkout,ESTRELA,900,2327,12,99.41612076331529,99.41612076331529
checkout,ROYAL CANIN,900,1749,8,60.14328016047378,60.14328016047378
checkout,SR PRECO,900,924,8,75.93307005729677,76.42614194078571
checkout,VIC BEAUTE,900,687,9,108.17478021257054,108.17478021257054
colmeia,ALFAPARF MILANO,900,759,9,108.5656528530736,224.14407791969128
colmeia,COTY IT,900,949,12,178.08367707719506,202.63523865645257
colmeia,ESTRELA,900,682,9,106.39983322910152,169.93954554930164
colmeia,GOMES DA COSTA,900,222,6,75.08622105436032,383.70832649039255
colmeia,IMBERA,900,341,8,53.340630986356,367.75479885843856
colmeia,ROYAL CANIN,900,1406,9,70.50575863795694,173.86079118678018
colmeia,SR PRECO,900,386,5,65.17027863777089,383.59133126934984
colmeia,VIC BEAUTE,900,1188,12,228.32122599263607,233.27694297940093
pedido_a_pedido,ALFAPARF MILANO,900,646,14,40.23549520463394,88.84626341278131
pedido_a_pedido,CONDOR,900,82,7,30.45414069456812,42.956366874443454
pedido_a_pedido,COTY IT,900,473,13,74.85865278128583,119.2912238434786
pedido_a_pedido,ESTRELA,900,888,15,33.977058225642516,132.4843908813707
pedido_a_pedido,GOMES DA COSTA,900,70,9,30.178134823611597,766.0845267202236
pedido_a_pedido,HIVE,900,2284,6,71.08038853465229,105.56224301293129
pedido_a_pedido,IMBERA,900,129,11,26.92202462380301,229.38440492476062
pedido_a_pedido,MULTI,900,11,8,104.98848810437451,3396.4696853415194
pedido_a_pedido,PHILIPS ILUMIN. B2B,900,40,7,26.68130661542685,2521.877573428493
pedido_a_pedido,RABBITOHS,900,43,8,38.29188174565932,45.049272641952136
pedido_a_pedido,ROYAL CANIN,900,2253,18,36.33687812792291,167.0586775064387
pedido_a_pedido,SHOP VINHO,900,11,6,22.048997772828507,30.066815144766146
pedido_a_pedido,SR PRECO,900,513,19,32.91148804351933,2143.6893203883496
pedido_a_pedido,VIC BEAUTE,900,746,12,62.183837137569405,79.80008155668713
pedido_a_pedido,VIC BEAUTE AG,900,33,11,42.81553398058252,3314.771151178918
checkout,ALFAPARF MILANO,300,1354,9,142.66814962243166,142.66814962243166
checkout,CONDOR,300,139,5,99.44356120826708,99.44356120826708
checkout,COTY IT,300,39,5,43.875,43.875
checkout,ESTRELA,300,2327,12,147.13103957005112,147.13103957005112
checkout,ROYAL CANIN,300,1749,8,103.52175199763244,103.52175199763244
checkout,SR PRECO,300,924,8,106.0207171314741,106.70916334661354
checkout,VIC BEAUTE,300,687,9,168.00489097208072,168.00489097208072
colmeia,ALFAPARF MILANO,300,759,9,139.65627290134987,288.33360913453583
colmeia,COTY IT,300,949,12,206.12211491242428,234.5392044524472
colmeia,ESTRELA,300,682,9,148.30503002518242,236.86963259507974
colmeia,GOMES DA COSTA,300,222,6,125.00341763499658,638.796992481203
colmeia,IMBERA,300,341,8,70.96639966711744,489.2749401851659
colmeia,ROYAL CANIN,300,1406,9,90.43112137944568,222.99492431067858
colmeia,SR PRECO,300,386,5,94.1600397614314,554.2246520874752
colmeia,VIC BEAUTE,300,1188,12,329.41852117731514,336.5685570710697
pedido_a_pedido,ALFAPARF MILANO,300,646,14,62.8133477622782,138.70169144788534
pedido_a_pedido,CONDOR,300,82,7,49.4148244473342,69.70091027308192
pedido_a_pedido,COTY IT,300,473,13,87.7358973921063,139.8117944426417
pedido_a_pedido,ESTRELA,300,888,15,55.845256136415166,217.75354104268342
pedido_a_pedido,GOMES DA COSTA,300,70,9,49.32914644590351,1252.2409363402799
pedido_a_pedido,HIVE,300,2284,6,76.92473053557532,114.24173764247111
pedido_a_pedido,IMBERA,300,129,11,46.590909090909086,396.96969696969694
pedido_a_pedido,MULTI,300,11,8,142.2037422037422,4600.415800415801
pedido_a_pedido,PHILIPS ILUMIN. B2B,300,40,7,43.40577552843108,4102.649598094671
pedido_a_pedido,RABBITOHS,300,43,8,49.898083978801466,58.703628210354665
pedido_a_pedido,ROYAL CANIN,300,2253,18,49.60063897763578,228.03877432471683
pedido_a_pedido,SHOP VINHO,300,11,6,44.048943270300335,60.06674082313682
pedido_a_pedido,SR PRECO,300,513,19,52.195794140554796,3399.772332394704
pedido_a_pedido,VIC BEAUTE,300,746,12,97.02110998727528,124.50650918463899
pedido_a_pedido,VIC BEAUTE AG,300,33,11,43.81209196707352,3391.924496168039
