tipo_onda,hora,teto_s,n_linhas,n_operadores,coletas_por_hora,unidades_por_hora
checkout,8,900,2659,10,91.27698527729041,91.27698527729041
checkout,9,900,1678,10,88.99365046627086,88.99365046627086
checkout,10,900,648,8,77.4990864090894,77.61868376465898
checkout,11,900,448,9,67.34591615166194,67.4962418573576
checkout,12,900,448,9,81.1185997384569,81.29966804144452
checkout,13,900,264,8,100.35902851108764,100.35902851108764
checkout,14,900,291,6,58.420700423823334,58.82221726522418
checkout,15,900,224,9,66.66666666666667,66.96428571428572
checkout,16,900,363,9,67.11175020542318,67.11175020542318
checkout,17,900,189,7,61.1815484219045,61.1815484219045
colmeia,8,900,1134,13,106.96590303676079,220.68460309003729
colmeia,9,900,1742,12,131.00461087047645,246.22048344278332
colmeia,10,900,853,12,135.8989881518637,206.31324050851853
colmeia,11,900,695,9,113.87022549470777,184.72158306488726
colmeia,12,900,471,10,144.40343740739743,263.59203685245546
colmeia,13,900,108,6,77.38765482649197,215.57989558808475
colmeia,14,900,155,7,189.3931884160589,243.94250513347023
colmeia,15,900,262,11,159.42668136714443,212.01764057331863
colmeia,16,900,343,9,89.94542146755609,149.85081867798667
colmeia,17,900,201,11,118.92112791172865,249.8569677155701
pedido_a_pedido,8,900,1144,21,60.233887323201735,343.79066031026946
pedido_a_pedido,9,900,929,24,45.42718949531166,541.5013183244184
pedido_a_pedido,10,900,894,20,52.72186099490816,230.78018319761884
pedido_a_pedido,11,900,1071,20,44.744921036676324,292.98135868885277
pedido_a_pedido,12,900,1149,22,45.95521700104316,514.6250697460032
pedido_a_pedido,13,900,654,16,47.6798605453133,186.45622146010572
pedido_a_pedido,14,900,638,17,51.51288852264827,170.17485128627715
pedido_a_pedido,15,900,583,22,46.32771143666133,323.70306536993724
pedido_a_pedido,16,900,809,22,49.226694686539666,275.4622199512051
pedido_a_pedido,17,900,435,19,52.9594644495003,504.89452180438593
checkout,8,300,2659,10,131.404175875465,131.404175875465
checkout,9,300,1678,10,131.233299298299,131.233299298299
checkout,10,300,648,8,126.69997827503802,126.89550293286986
checkout,11,300,448,9,138.09401489853585,138.40226046750578
checkout,12,300,448,9,134.6468525630322,134.94740357321757
checkout,13,300,264,8,139.6825396825397,139.6825396825397
checkout,14,300,291,6,90.26365672927797,90.88402550404963
checkout,15,300,224,9,108.81122655512077,109.2969909593847
checkout,16,300,363,9,98.05657687401515,98.05657687401515
checkout,17,300,189,7,109.05593845167495,109.05593845167495
colmeia,8,300,1134,13,140.10816468946268,289.06140963014656
colmeia,9,300,1742,12,167.7380881388276,315.26030174727174
colmeia,10,300,853,12,167.7621394637106,254.68585968221205
colmeia,11,300,695,9,156.39642676554863,253.70807348727456
colmeia,12,300,471,10,176.23039747509617,321.68852944077327
colmeia,13,300,108,6,88.68035190615836,247.03812316715545
colmeia,14,300,155,7,233.09803921568627,300.2352941176471
colmeia,15,300,262,11,197.73232294456156,262.9593755341576
colmeia,16,300,343,9,128.02541173221005,213.29282187618685
colmeia,17,300,201,11,145.536384096024,305.77644411102773
pedido_a_pedido,8,300,1144,21,72.90144167549948,416.0919357023884
pedido_a_pedido,9,300,929,24,62.236752920537455,741.8747258881224
pedido_a_pedido,10,300,894,20,64.24959513501008,281.2407046303335
pedido_a_pedido,11,300,1071,20,61.156600832626324,400.4419627883117
pedido_a_pedido,12,300,1149,22,64.49407599073947,722.230695900858
pedido_a_pedido,13,300,654,16,67.72982356978481,264.8633372360612
pedido_a_pedido,14,300,638,17,66.10415932322877,218.37768769827284
pedido_a_pedido,15,300,583,22,63.88121859580825,446.3537187089765
pedido_a_pedido,16,300,809,22,69.9458022292668,391.40198384292876
pedido_a_pedido,17,300,435,19,67.53144176438423,643.817971930251
