semana_iso,impar,dias_plenos,linhas,linhas_rc_por_dia_pleno,referencia_mediana_impares_sem_incidente,semana_do_incidente,marcada
23,True,3,854.0,284.6666666666667,260.20000000000005,False,False
24,False,4,1157.0,289.25,260.20000000000005,False,False
25,True,5,1396.0,279.2,260.20000000000005,False,False
26,False,5,1100.0,220.0,260.20000000000005,False,False
27,True,5,1219.0,243.8,260.20000000000005,False,False
28,False,5,1190.0,238.0,260.20000000000005,False,False
29,True,5,1353.0,270.6,260.20000000000005,False,False
30,False,5,1130.0,226.0,260.20000000000005,False,False
31,True,5,919.0,183.8,260.20000000000005,False,False
32,False,5,1429.0,285.8,260.20000000000005,False,False
33,True,5,1249.0,249.8,260.20000000000005,False,False
34,False,5,1084.0,216.8,260.20000000000005,False,False
35,True,5,1058.0,211.6,260.20000000000005,False,False
36,False,5,1317.0,263.4,260.20000000000005,False,False
37,True,4,1209.0,302.25,260.20000000000005,False,False
38,False,5,1186.0,237.2,260.20000000000005,False,False
39,True,4,6.0,1.5,260.20000000000005,True,False
