pista,depositante_retirado,n_operadores_do_depositante,estimativa,ic_inferior_operador,ic_superior_operador,ic_fora_do_zero_no_lado_esperado
PT-D1,ALFAPARF MILANO,13,-20.852878601798075,-30.794302676219345,-11.035908412889375,True
PT-D1,CONDOR,10,-19.67745823694152,-29.71362308231529,-10.711229307701444,True
PT-D1,COTY IT,15,-20.165572745957334,-30.365801937820212,-10.731389602434929,True
PT-D1,DEPYL ACTION,6,-19.46482012919254,-29.328056791766183,-10.609857517179751,True
PT-D1,ESTRELA,16,-20.735014853374665,-30.73824830366127,-11.505315552255285,True
PT-D1,GOMES DA COSTA,9,-19.706072914301195,-29.974220363389144,-10.996998357050384,True
PT-D1,HIVE,5,-11.117354246975395,-17.778926893810052,-6.091413103274164,True
PT-D1,IMBERA,9,-20.11560064818846,-29.82344314394237,-11.56787179188317,True
PT-D1,RABBITOHS,9,-19.687015383055055,-29.864123757429535,-10.90896613614251,True
PT-D1,SR PRECO,17,-20.294748410544706,-30.94468945551916,-10.757251802387255,True
PT-D1,VIC BEAUTE,13,-18.78369958288601,-29.557947105005287,-8.07734255226507,True
PT-D1,VIC BEAUTE AG,11,-19.64165050426933,-30.04423524850566,-10.75097140683501,True
PT-D3,ALFAPARF MILANO,12,37.0,21.0,63.0,True
PT-D3,CONDOR,10,37.0,23.0,62.0,True
PT-D3,COTY IT,14,38.0,23.0,62.5,True
PT-D3,DEPYL ACTION,5,37.0,22.0,63.0,True
PT-D3,ESTRELA,15,38.0,23.0,64.0,True
PT-D3,GOMES DA COSTA,9,37.0,23.0,62.0,True
PT-D3,HIVE,5,27.0,15.0,51.0,True
PT-D3,IMBERA,9,38.0,24.487500000000047,63.0,True
PT-D3,PET TREATS,8,37.0,22.0,62.5,True
PT-D3,RABBITOHS,9,37.0,23.0,63.0,True
PT-D3,SR PRECO,16,38.0,24.0,64.0,True
PT-D3,VIC BEAUTE,13,35.0,20.0,60.0,True
PT-D3,VIC BEAUTE AG,11,37.0,22.0,62.0,True
PT-D4,ALFAPARF MILANO,11,-37.372834850945665,-53.79019973780986,-21.426291740745206,True
PT-D4,CONDOR,7,-36.239138567190736,-51.245234123923275,-21.359398957662883,True
PT-D4,COTY IT,10,-44.69631077390024,-58.52183040884756,-29.73001332158016,True
PT-D4,ESTRELA,11,-34.14028471541819,-46.48196686770479,-21.44225282791988,True
PT-D4,GOMES DA COSTA,6,-34.93049163835096,-49.26215889290222,-19.71560268139562,True
PT-D4,IMBERA,5,-37.47158781697287,-51.747029964197715,-22.38258798769267,True
PT-D4,SR PRECO,14,-36.22209287164135,-51.43331433962533,-20.19161224344305,True
PT-D4,VIC BEAUTE,12,-23.223468499989124,-35.36508705550092,-9.853877212842526,True
