grupo,depositantes_no_grupo,carga_media_em_robos,frota_individual_dia_a_dia,frota_individual_banda,relevante
HIVE,1,0.2862142857142857,3.0,3,True
COTY IT,1,0.2818578532694121,3.0,2,True
VIC BEAUTE,1,0.09689138326896304,1.0,1,False
ALFAPARF MILANO,1,0.09478355834867741,1.0,1,False
ESTRELA,1,0.08727422306552296,1.0,1,False
SR PRECO,1,0.04472719523285579,1.0,1,False
VIC BEAUTE AG,1,0.022142857142857145,1.0,1,False
IMBERA,1,0.006714285714285714,1.0,1,False
CONDOR,1,0.0050332451048637,1.0,1,False
PHILIPS SIGNIFY B2C,1,0.0028214285714285715,0.0,0,False
GOMES DA COSTA,1,0.0023571428571428567,1.0,1,False
PHILIPS ILUMIN. B2B,1,0.0021785714285714286,0.0,0,False
RABBITOHS,1,0.0021536884739749404,1.0,1,False
MULTI,1,0.0017857142857142857,1.0,1,False
OPEN DRINKS,1,0.0008928571428571428,0.0,1,False
outros (menos de PAR07 registros),4,0.0008688942717923384,1.0,1,False
TEKBOND,1,0.0008571428571428571,0.0,0,False
JOHNSON B2B,1,0.0007142857142857143,0.0,0,False
SEU GIN,1,0.00035714285714285714,0.0,0,False
