hora,linhas_dia_tipico,linhas_dia_p90_banda,pedidos_checkout_dia_tipico,pedidos_checkout_dia_p90_banda,dentro_da_janela_observada
0,0.0,0.0,0.0,0.0,False
1,0.0,0.0,0.0,0.0,False
2,0.0,0.0,0.0,0.0,False
3,0.0,0.0,0.0,0.0,False
4,0.0,0.0,0.0,0.0,False
5,0.0,0.0,0.0,0.0,False
6,0.0,0.0,0.0,0.0,False
7,0.9625,0.0,0.0,0.0,False
8,39.3875,34.875,52.075,101.5,True
9,27.1625,42.25,32.075,58.625,True
10,31.725,57.75,14.2125,33.125,True
11,37.55,79.375,8.575,5.0,True
12,30.8375,54.75,9.0625,35.0,True
13,21.1125,34.375,4.3875,9.5,True
14,24.6,61.125,5.35,21.25,True
15,28.6375,56.625,3.975,1.375,True
16,25.35,37.125,6.0125,9.875,True
17,16.7375,13.625,4.4375,12.125,True
18,0.5125,5.125,0.0,0.0,False
19,0.0,0.0,0.0,0.0,False
20,0.0,0.0,0.0,0.0,False
21,0.0,0.0,0.0,0.0,False
22,0.0,0.0,0.0,0.0,False
23,0.0,0.0,0.0,0.0,False
