semana_iso,relativa_a_par11,coef_relativo_a_semana_ref,ic_inf,ic_sup,linhas_royal_canin,linhas_controle,eventos_royal_canin,eventos_controle
23,-7,0.003931862484494063,0.0,0.024634990592441036,209,287,0,0
24,-6,-0.004032135334867356,-0.01736456681037869,0.009111700519041706,403,394,0,3
25,-5,-0.03439564302219536,-0.21294552864411384,0.0,364,244,0,8
26,-4,0.003931862484494063,0.0,0.024634990592441036,250,240,0,0
27,-3,0.003931862484494063,0.0,0.0246564353580126,294,324,0,0
28,-2,0.003931862484494063,0.0,0.024556572707362872,173,282,0,0
29,-1,0.0,0.0,0.0,108,281,0,1
30,0,0.003931862484494063,0.0,0.023357717556581836,88,210,0,0
31,1,0.003931862484494063,0.0,0.022786635252071606,53,284,0,0
32,2,0.01927421614766365,0.0,0.06479658655850228,100,291,1,0
33,3,0.003931862484494063,0.0,0.024582341915374815,72,384,0,0
34,4,0.003931862484494063,0.0,0.024643032379530392,58,255,0,0
35,5,0.007404599790774138,-0.006197985975822229,0.0371735333800583,117,274,1,1
36,6,0.003931862484494063,0.0,0.024685921910673415,101,302,0,0
37,7,0.0009996260553798465,-0.011907976989664637,0.019003923535311818,55,252,0,1
38,8,-0.03453681277437809,-0.18726577293312682,0.004824168175391492,54,385,0,10
39,9,,,,0,244,0,0
