semana_iso,prop_royal_canin,prop_controle,dif,pos_par11
23,0.0,0.0,0.0,False
24,0.0,0.00796399781936142,-0.00796399781936142,False
25,0.0,0.038327505506689424,-0.038327505506689424,False
26,0.0,0.0,0.0,False
27,0.0,0.0,0.0,False
28,0.0,0.0,0.0,False
29,0.0,0.003931862484494063,-0.003931862484494063,False
30,0.0,0.0,0.0,True
31,0.0,0.0,0.0,True
32,0.015342353663169585,0.0,0.015342353663169585,True
33,0.0,0.0,0.0,True
34,0.0,0.0,0.0,True
35,0.007218212104386452,0.0037454747981063774,0.0034727373062800743,True
36,0.0,0.0,0.0,True
37,0.0,0.0029322364291142168,-0.0029322364291142168,True
38,0.0,0.038468675258872154,-0.038468675258872154,True
39,,0.0,,True
