escopo,variante,pos_pausa,perfil,p90,pr08,pr07_vezes,regra,frota_necessaria,hora_do_pico
ALT2,estresse,com,banda,ponto,na,0.75,soma,2,9
ALT2,estresse,com,banda,ponto,na,1.0,soma,2,9
ALT2,estresse,com,banda,ponto,na,1.25,soma,2,9
ALT2,estresse,com,banda,ic_inf,na,0.75,soma,2,9
ALT2,estresse,com,banda,ic_inf,na,1.0,soma,1,8
ALT2,estresse,com,banda,ic_inf,na,1.25,soma,1,8
ALT2,estresse,com,banda,ic_sup,na,0.75,soma,3,9
ALT2,estresse,com,banda,ic_sup,na,1.0,soma,2,9
ALT2,estresse,com,banda,ic_sup,na,1.25,soma,2,9
ALT2,estresse,com,dia_real,ponto,na,0.75,soma,2,8
ALT2,estresse,com,dia_real,ponto,na,1.0,soma,2,9
ALT2,estresse,com,dia_real,ponto,na,1.25,soma,2,9
ALT2,estresse,com,dia_real,ic_inf,na,0.75,soma,2,9
ALT2,estresse,com,dia_real,ic_inf,na,1.0,soma,1,8
ALT2,estresse,com,dia_real,ic_inf,na,1.25,soma,1,8
ALT2,estresse,com,dia_real,ic_sup,na,0.75,soma,3,9
ALT2,estresse,com,dia_real,ic_sup,na,1.0,soma,2,8
ALT2,estresse,com,dia_real,ic_sup,na,1.25,soma,2,9
ALT2,estresse,com,mesmo_dia,ponto,na,0.75,soma,3,-1
ALT2,estresse,com,mesmo_dia,ponto,na,1.0,soma,2,-1
ALT2,estresse,com,mesmo_dia,ponto,na,1.25,soma,2,-1
ALT3,estresse,com,banda,ponto,inf,0.75,soma,2,8
ALT3,estresse,com,banda,ponto,inf,0.75,por_tipo,3,8
ALT3,estresse,com,banda,ponto,inf,1.0,soma,2,8
ALT3,estresse,com,banda,ponto,inf,1.0,por_tipo,3,8
ALT3,estresse,com,banda,ponto,inf,1.25,soma,2,8
ALT3,estresse,com,banda,ponto,inf,1.25,por_tipo,3,8
ALT3,estresse,com,banda,ponto,provavel,0.75,soma,2,8
ALT3,estresse,com,banda,ponto,provavel,0.75,por_tipo,3,8
ALT3,estresse,com,banda,ponto,provavel,1.0,soma,2,9
ALT3,estresse,com,banda,ponto,provavel,1.0,por_tipo,3,9
ALT3,estresse,com,banda,ponto,provavel,1.25,soma,2,9
ALT3,estresse,com,banda,ponto,provavel,1.25,por_tipo,3,9
ALT3,estresse,com,banda,ponto,sup,0.75,soma,2,8
ALT3,estresse,com,banda,ponto,sup,0.75,por_tipo,3,8
ALT3,estresse,com,banda,ponto,sup,1.0,soma,2,9
ALT3,estresse,com,banda,ponto,sup,1.0,por_tipo,3,9
ALT3,estresse,com,banda,ponto,sup,1.25,soma,2,9
ALT3,estresse,com,banda,ponto,sup,1.25,por_tipo,3,9
ALT3,estresse,com,banda,ic_inf,inf,0.75,soma,2,8
ALT3,estresse,com,banda,ic_inf,inf,0.75,por_tipo,3,8
ALT3,estresse,com,banda,ic_inf,inf,1.0,soma,1,8
ALT3,estresse,com,banda,ic_inf,inf,1.0,por_tipo,2,8
ALT3,estresse,com,banda,ic_inf,inf,1.25,soma,1,8
ALT3,estresse,com,banda,ic_inf,inf,1.25,por_tipo,2,8
ALT3,estresse,com,banda,ic_inf,provavel,0.75,soma,2,9
ALT3,estresse,com,banda,ic_inf,provavel,0.75,por_tipo,3,9
ALT3,estresse,com,banda,ic_inf,provavel,1.0,soma,1,8
ALT3,estresse,com,banda,ic_inf,provavel,1.0,por_tipo,2,8
ALT3,estresse,com,banda,ic_inf,provavel,1.25,soma,1,8
ALT3,estresse,com,banda,ic_inf,provavel,1.25,por_tipo,2,8
ALT3,estresse,com,banda,ic_inf,sup,0.75,soma,2,9
ALT3,estresse,com,banda,ic_inf,sup,0.75,por_tipo,3,9
ALT3,estresse,com,banda,ic_inf,sup,1.0,soma,1,8
ALT3,estresse,com,banda,ic_inf,sup,1.0,por_tipo,2,8
ALT3,estresse,com,banda,ic_inf,sup,1.25,soma,1,8
ALT3,estresse,com,banda,ic_inf,sup,1.25,por_tipo,2,8
ALT3,estresse,com,banda,ic_sup,inf,0.75,soma,3,9
ALT3,estresse,com,banda,ic_sup,inf,0.75,por_tipo,4,9
ALT3,estresse,com,banda,ic_sup,inf,1.0,soma,2,8
ALT3,estresse,com,banda,ic_sup,inf,1.0,por_tipo,3,8
ALT3,estresse,com,banda,ic_sup,inf,1.25,soma,2,8
ALT3,estresse,com,banda,ic_sup,inf,1.25,por_tipo,3,8
ALT3,estresse,com,banda,ic_sup,provavel,0.75,soma,3,9
ALT3,estresse,com,banda,ic_sup,provavel,0.75,por_tipo,4,9
ALT3,estresse,com,banda,ic_sup,provavel,1.0,soma,2,8
ALT3,estresse,com,banda,ic_sup,provavel,1.0,por_tipo,3,8
ALT3,estresse,com,banda,ic_sup,provavel,1.25,soma,2,8
ALT3,estresse,com,banda,ic_sup,provavel,1.25,por_tipo,3,8
ALT3,estresse,com,banda,ic_sup,sup,0.75,soma,3,9
ALT3,estresse,com,banda,ic_sup,sup,0.75,por_tipo,4,9
ALT3,estresse,com,banda,ic_sup,sup,1.0,soma,2,8
ALT3,estresse,com,banda,ic_sup,sup,1.0,por_tipo,3,8
ALT3,estresse,com,banda,ic_sup,sup,1.25,soma,2,9
ALT3,estresse,com,banda,ic_sup,sup,1.25,por_tipo,3,9
ALT3,estresse,com,dia_real,ponto,inf,0.75,soma,3,8
ALT3,estresse,com,dia_real,ponto,inf,0.75,por_tipo,3,8
ALT3,estresse,com,dia_real,ponto,inf,1.0,soma,2,8
ALT3,estresse,com,dia_real,ponto,inf,1.0,por_tipo,3,8
ALT3,estresse,com,dia_real,ponto,inf,1.25,soma,2,8
ALT3,estresse,com,dia_real,ponto,inf,1.25,por_tipo,2,8
ALT3,estresse,com,dia_real,ponto,provavel,0.75,soma,2,8
ALT3,estresse,com,dia_real,ponto,provavel,0.75,por_tipo,3,8
ALT3,estresse,com,dia_real,ponto,provavel,1.0,soma,2,8
ALT3,estresse,com,dia_real,ponto,provavel,1.0,por_tipo,3,8
ALT3,estresse,com,dia_real,ponto,provavel,1.25,soma,2,8
ALT3,estresse,com,dia_real,ponto,provavel,1.25,por_tipo,2,8
ALT3,estresse,com,dia_real,ponto,sup,0.75,soma,2,8
ALT3,estresse,com,dia_real,ponto,sup,0.75,por_tipo,3,8
ALT3,estresse,com,dia_real,ponto,sup,1.0,soma,2,8
ALT3,estresse,com,dia_real,ponto,sup,1.0,por_tipo,3,8
ALT3,estresse,com,dia_real,ponto,sup,1.25,soma,2,8
ALT3,estresse,com,dia_real,ponto,sup,1.25,por_tipo,2,8
ALT3,estresse,com,dia_real,ic_inf,inf,0.75,soma,2,8
ALT3,estresse,com,dia_real,ic_inf,inf,0.75,por_tipo,2,8
ALT3,estresse,com,dia_real,ic_inf,inf,1.0,soma,2,8
ALT3,estresse,com,dia_real,ic_inf,inf,1.0,por_tipo,2,8
ALT3,estresse,com,dia_real,ic_inf,inf,1.25,soma,2,8
ALT3,estresse,com,dia_real,ic_inf,inf,1.25,por_tipo,2,8
ALT3,estresse,com,dia_real,ic_inf,provavel,0.75,soma,2,8
ALT3,estresse,com,dia_real,ic_inf,provavel,0.75,por_tipo,2,8
ALT3,estresse,com,dia_real,ic_inf,provavel,1.0,soma,1,8
ALT3,estresse,com,dia_real,ic_inf,provavel,1.0,por_tipo,2,8
ALT3,estresse,com,dia_real,ic_inf,provavel,1.25,soma,1,8
ALT3,estresse,com,dia_real,ic_inf,provavel,1.25,por_tipo,2,8
ALT3,estresse,com,dia_real,ic_inf,sup,0.75,soma,2,8
ALT3,estresse,com,dia_real,ic_inf,sup,0.75,por_tipo,2,8
ALT3,estresse,com,dia_real,ic_inf,sup,1.0,soma,1,8
ALT3,estresse,com,dia_real,ic_inf,sup,1.0,por_tipo,2,8
ALT3,estresse,com,dia_real,ic_inf,sup,1.25,soma,1,8
ALT3,estresse,com,dia_real,ic_inf,sup,1.25,por_tipo,2,8
ALT3,estresse,com,dia_real,ic_sup,inf,0.75,soma,3,8
ALT3,estresse,com,dia_real,ic_sup,inf,0.75,por_tipo,4,8
ALT3,estresse,com,dia_real,ic_sup,inf,1.0,soma,3,8
ALT3,estresse,com,dia_real,ic_sup,inf,1.0,por_tipo,4,8
ALT3,estresse,com,dia_real,ic_sup,inf,1.25,soma,2,8
ALT3,estresse,com,dia_real,ic_sup,inf,1.25,por_tipo,3,8
ALT3,estresse,com,dia_real,ic_sup,provavel,0.75,soma,3,8
ALT3,estresse,com,dia_real,ic_sup,provavel,0.75,por_tipo,4,8
ALT3,estresse,com,dia_real,ic_sup,provavel,1.0,soma,2,8
ALT3,estresse,com,dia_real,ic_sup,provavel,1.0,por_tipo,3,8
ALT3,estresse,com,dia_real,ic_sup,provavel,1.25,soma,2,8
ALT3,estresse,com,dia_real,ic_sup,provavel,1.25,por_tipo,3,8
ALT3,estresse,com,dia_real,ic_sup,sup,0.75,soma,3,9
ALT3,estresse,com,dia_real,ic_sup,sup,0.75,por_tipo,4,9
ALT3,estresse,com,dia_real,ic_sup,sup,1.0,soma,2,8
ALT3,estresse,com,dia_real,ic_sup,sup,1.0,por_tipo,3,8
ALT3,estresse,com,dia_real,ic_sup,sup,1.25,soma,2,8
ALT3,estresse,com,dia_real,ic_sup,sup,1.25,por_tipo,3,8
ALT3,estresse,com,mesmo_dia,ponto,inf,0.75,soma,3,-1
ALT3,estresse,com,mesmo_dia,ponto,inf,0.75,por_tipo,3,-1
ALT3,estresse,com,mesmo_dia,ponto,inf,1.0,soma,2,-1
ALT3,estresse,com,mesmo_dia,ponto,inf,1.0,por_tipo,3,-1
ALT3,estresse,com,mesmo_dia,ponto,inf,1.25,soma,2,-1
ALT3,estresse,com,mesmo_dia,ponto,inf,1.25,por_tipo,3,-1
ALT3,estresse,com,mesmo_dia,ponto,provavel,0.75,soma,3,-1
ALT3,estresse,com,mesmo_dia,ponto,provavel,0.75,por_tipo,3,-1
ALT3,estresse,com,mesmo_dia,ponto,provavel,1.0,soma,2,-1
ALT3,estresse,com,mesmo_dia,ponto,provavel,1.0,por_tipo,3,-1
ALT3,estresse,com,mesmo_dia,ponto,provavel,1.25,soma,2,-1
ALT3,estresse,com,mesmo_dia,ponto,provavel,1.25,por_tipo,3,-1
ALT3,estresse,com,mesmo_dia,ponto,sup,0.75,soma,3,-1
ALT3,estresse,com,mesmo_dia,ponto,sup,0.75,por_tipo,3,-1
ALT3,estresse,com,mesmo_dia,ponto,sup,1.0,soma,2,-1
ALT3,estresse,com,mesmo_dia,ponto,sup,1.0,por_tipo,3,-1
ALT3,estresse,com,mesmo_dia,ponto,sup,1.25,soma,2,-1
ALT3,estresse,com,mesmo_dia,ponto,sup,1.25,por_tipo,3,-1
ALT6,estresse,com,banda,ponto,inf,0.75,soma,5,8
ALT6,estresse,com,banda,ponto,inf,0.75,por_tipo,6,8
ALT6,estresse,com,banda,ponto,inf,1.0,soma,5,8
ALT6,estresse,com,banda,ponto,inf,1.0,por_tipo,5,8
ALT6,estresse,com,banda,ponto,inf,1.25,soma,4,8
ALT6,estresse,com,banda,ponto,inf,1.25,por_tipo,5,8
ALT6,estresse,com,banda,ponto,provavel,0.75,soma,5,11
ALT6,estresse,com,banda,ponto,provavel,0.75,por_tipo,6,11
ALT6,estresse,com,banda,ponto,provavel,1.0,soma,4,8
ALT6,estresse,com,banda,ponto,provavel,1.0,por_tipo,5,8
ALT6,estresse,com,banda,ponto,provavel,1.25,soma,3,8
ALT6,estresse,com,banda,ponto,provavel,1.25,por_tipo,4,8
ALT6,estresse,com,banda,ponto,sup,0.75,soma,5,11
ALT6,estresse,com,banda,ponto,sup,0.75,por_tipo,6,11
ALT6,estresse,com,banda,ponto,sup,1.0,soma,4,11
ALT6,estresse,com,banda,ponto,sup,1.0,por_tipo,5,11
ALT6,estresse,com,banda,ponto,sup,1.25,soma,3,8
ALT6,estresse,com,banda,ponto,sup,1.25,por_tipo,4,8
ALT6,estresse,com,dia_real,ponto,inf,0.75,soma,8,8
ALT6,estresse,com,dia_real,ponto,inf,0.75,por_tipo,8,8
ALT6,estresse,com,dia_real,ponto,inf,1.0,soma,7,8
ALT6,estresse,com,dia_real,ponto,inf,1.0,por_tipo,7,8
ALT6,estresse,com,dia_real,ponto,inf,1.25,soma,6,8
ALT6,estresse,com,dia_real,ponto,inf,1.25,por_tipo,6,8
ALT6,estresse,com,dia_real,ponto,provavel,0.75,soma,7,8
ALT6,estresse,com,dia_real,ponto,provavel,0.75,por_tipo,7,8
ALT6,estresse,com,dia_real,ponto,provavel,1.0,soma,6,8
ALT6,estresse,com,dia_real,ponto,provavel,1.0,por_tipo,6,8
ALT6,estresse,com,dia_real,ponto,provavel,1.25,soma,5,8
ALT6,estresse,com,dia_real,ponto,provavel,1.25,por_tipo,5,8
ALT6,estresse,com,dia_real,ponto,sup,0.75,soma,6,8
ALT6,estresse,com,dia_real,ponto,sup,0.75,por_tipo,6,8
ALT6,estresse,com,dia_real,ponto,sup,1.0,soma,5,8
ALT6,estresse,com,dia_real,ponto,sup,1.0,por_tipo,5,8
ALT6,estresse,com,dia_real,ponto,sup,1.25,soma,4,8
ALT6,estresse,com,dia_real,ponto,sup,1.25,por_tipo,4,8
ALT6,estresse,com,mesmo_dia,ponto,inf,0.75,soma,7,-1
ALT6,estresse,com,mesmo_dia,ponto,inf,0.75,por_tipo,8,-1
ALT6,estresse,com,mesmo_dia,ponto,inf,1.0,soma,6,-1
ALT6,estresse,com,mesmo_dia,ponto,inf,1.0,por_tipo,7,-1
ALT6,estresse,com,mesmo_dia,ponto,inf,1.25,soma,5,-1
ALT6,estresse,com,mesmo_dia,ponto,inf,1.25,por_tipo,6,-1
ALT6,estresse,com,mesmo_dia,ponto,provavel,0.75,soma,7,-1
ALT6,estresse,com,mesmo_dia,ponto,provavel,0.75,por_tipo,7,-1
ALT6,estresse,com,mesmo_dia,ponto,provavel,1.0,soma,5,-1
ALT6,estresse,com,mesmo_dia,ponto,provavel,1.0,por_tipo,6,-1
ALT6,estresse,com,mesmo_dia,ponto,provavel,1.25,soma,5,-1
ALT6,estresse,com,mesmo_dia,ponto,provavel,1.25,por_tipo,5,-1
ALT6,estresse,com,mesmo_dia,ponto,sup,0.75,soma,7,-1
ALT6,estresse,com,mesmo_dia,ponto,sup,0.75,por_tipo,7,-1
ALT6,estresse,com,mesmo_dia,ponto,sup,1.0,soma,5,-1
ALT6,estresse,com,mesmo_dia,ponto,sup,1.0,por_tipo,6,-1
ALT6,estresse,com,mesmo_dia,ponto,sup,1.25,soma,4,-1
ALT6,estresse,com,mesmo_dia,ponto,sup,1.25,por_tipo,5,-1
ALT2,estresse,sem,banda,ponto,na,0.75,soma,2,9
ALT2,estresse,sem,banda,ponto,na,1.0,soma,2,9
ALT2,estresse,sem,banda,ponto,na,1.25,soma,2,11
ALT2,estresse,sem,banda,ic_inf,na,0.75,soma,2,9
ALT2,estresse,sem,banda,ic_inf,na,1.0,soma,1,8
ALT2,estresse,sem,banda,ic_inf,na,1.25,soma,1,8
ALT2,estresse,sem,banda,ic_sup,na,0.75,soma,3,9
ALT2,estresse,sem,banda,ic_sup,na,1.0,soma,2,9
ALT2,estresse,sem,banda,ic_sup,na,1.25,soma,2,9
ALT2,estresse,sem,dia_real,ponto,na,0.75,soma,2,8
ALT2,estresse,sem,dia_real,ponto,na,1.0,soma,2,9
ALT2,estresse,sem,dia_real,ponto,na,1.25,soma,2,9
ALT2,estresse,sem,dia_real,ic_inf,na,0.75,soma,2,9
ALT2,estresse,sem,dia_real,ic_inf,na,1.0,soma,1,8
ALT2,estresse,sem,dia_real,ic_inf,na,1.25,soma,1,8
ALT2,estresse,sem,dia_real,ic_sup,na,0.75,soma,3,9
ALT2,estresse,sem,dia_real,ic_sup,na,1.0,soma,2,8
ALT2,estresse,sem,dia_real,ic_sup,na,1.25,soma,2,9
ALT2,estresse,sem,mesmo_dia,ponto,na,0.75,soma,3,-1
ALT2,estresse,sem,mesmo_dia,ponto,na,1.0,soma,2,-1
ALT2,estresse,sem,mesmo_dia,ponto,na,1.25,soma,2,-1
ALT3,estresse,sem,banda,ponto,inf,0.75,soma,2,8
ALT3,estresse,sem,banda,ponto,inf,0.75,por_tipo,3,8
ALT3,estresse,sem,banda,ponto,inf,1.0,soma,2,8
ALT3,estresse,sem,banda,ponto,inf,1.0,por_tipo,3,8
ALT3,estresse,sem,banda,ponto,inf,1.25,soma,2,9
ALT3,estresse,sem,banda,ponto,inf,1.25,por_tipo,3,9
ALT3,estresse,sem,banda,ponto,provavel,0.75,soma,2,9
ALT3,estresse,sem,banda,ponto,provavel,0.75,por_tipo,3,9
ALT3,estresse,sem,banda,ponto,provavel,1.0,soma,2,9
ALT3,estresse,sem,banda,ponto,provavel,1.0,por_tipo,3,9
ALT3,estresse,sem,banda,ponto,provavel,1.25,soma,2,11
ALT3,estresse,sem,banda,ponto,provavel,1.25,por_tipo,3,11
ALT3,estresse,sem,banda,ponto,sup,0.75,soma,2,9
ALT3,estresse,sem,banda,ponto,sup,0.75,por_tipo,3,9
ALT3,estresse,sem,banda,ponto,sup,1.0,soma,2,9
ALT3,estresse,sem,banda,ponto,sup,1.0,por_tipo,3,9
ALT3,estresse,sem,banda,ponto,sup,1.25,soma,2,11
ALT3,estresse,sem,banda,ponto,sup,1.25,por_tipo,3,11
ALT3,estresse,sem,banda,ic_inf,inf,0.75,soma,2,9
ALT3,estresse,sem,banda,ic_inf,inf,0.75,por_tipo,3,9
ALT3,estresse,sem,banda,ic_inf,inf,1.0,soma,1,8
ALT3,estresse,sem,banda,ic_inf,inf,1.0,por_tipo,2,8
ALT3,estresse,sem,banda,ic_inf,inf,1.25,soma,1,8
ALT3,estresse,sem,banda,ic_inf,inf,1.25,por_tipo,2,8
ALT3,estresse,sem,banda,ic_inf,provavel,0.75,soma,2,9
ALT3,estresse,sem,banda,ic_inf,provavel,0.75,por_tipo,3,9
ALT3,estresse,sem,banda,ic_inf,provavel,1.0,soma,1,8
ALT3,estresse,sem,banda,ic_inf,provavel,1.0,por_tipo,2,8
ALT3,estresse,sem,banda,ic_inf,provavel,1.25,soma,1,8
ALT3,estresse,sem,banda,ic_inf,provavel,1.25,por_tipo,2,8
ALT3,estresse,sem,banda,ic_inf,sup,0.75,soma,2,9
ALT3,estresse,sem,banda,ic_inf,sup,0.75,por_tipo,3,9
ALT3,estresse,sem,banda,ic_inf,sup,1.0,soma,1,8
ALT3,estresse,sem,banda,ic_inf,sup,1.0,por_tipo,2,8
ALT3,estresse,sem,banda,ic_inf,sup,1.25,soma,1,8
ALT3,estresse,sem,banda,ic_inf,sup,1.25,por_tipo,2,8
ALT3,estresse,sem,banda,ic_sup,inf,0.75,soma,3,9
ALT3,estresse,sem,banda,ic_sup,inf,0.75,por_tipo,4,9
ALT3,estresse,sem,banda,ic_sup,inf,1.0,soma,2,8
ALT3,estresse,sem,banda,ic_sup,inf,1.0,por_tipo,3,8
ALT3,estresse,sem,banda,ic_sup,inf,1.25,soma,2,8
ALT3,estresse,sem,banda,ic_sup,inf,1.25,por_tipo,3,8
ALT3,estresse,sem,banda,ic_sup,provavel,0.75,soma,3,9
ALT3,estresse,sem,banda,ic_sup,provavel,0.75,por_tipo,4,9
ALT3,estresse,sem,banda,ic_sup,provavel,1.0,soma,2,9
ALT3,estresse,sem,banda,ic_sup,provavel,1.0,por_tipo,3,9
ALT3,estresse,sem,banda,ic_sup,provavel,1.25,soma,2,9
ALT3,estresse,sem,banda,ic_sup,provavel,1.25,por_tipo,3,9
ALT3,estresse,sem,banda,ic_sup,sup,0.75,soma,3,9
ALT3,estresse,sem,banda,ic_sup,sup,0.75,por_tipo,4,9
ALT3,estresse,sem,banda,ic_sup,sup,1.0,soma,2,9
ALT3,estresse,sem,banda,ic_sup,sup,1.0,por_tipo,3,9
ALT3,estresse,sem,banda,ic_sup,sup,1.25,soma,2,9
ALT3,estresse,sem,banda,ic_sup,sup,1.25,por_tipo,3,9
ALT3,estresse,sem,dia_real,ponto,inf,0.75,soma,3,8
ALT3,estresse,sem,dia_real,ponto,inf,0.75,por_tipo,3,8
ALT3,estresse,sem,dia_real,ponto,inf,1.0,soma,2,8
ALT3,estresse,sem,dia_real,ponto,inf,1.0,por_tipo,3,8
ALT3,estresse,sem,dia_real,ponto,inf,1.25,soma,2,8
ALT3,estresse,sem,dia_real,ponto,inf,1.25,por_tipo,2,8
ALT3,estresse,sem,dia_real,ponto,provavel,0.75,soma,2,8
ALT3,estresse,sem,dia_real,ponto,provavel,0.75,por_tipo,3,8
ALT3,estresse,sem,dia_real,ponto,provavel,1.0,soma,2,8
ALT3,estresse,sem,dia_real,ponto,provavel,1.0,por_tipo,3,8
ALT3,estresse,sem,dia_real,ponto,provavel,1.25,soma,2,8
ALT3,estresse,sem,dia_real,ponto,provavel,1.25,por_tipo,2,8
ALT3,estresse,sem,dia_real,ponto,sup,0.75,soma,2,8
ALT3,estresse,sem,dia_real,ponto,sup,0.75,por_tipo,3,8
ALT3,estresse,sem,dia_real,ponto,sup,1.0,soma,2,8
ALT3,estresse,sem,dia_real,ponto,sup,1.0,por_tipo,3,8
ALT3,estresse,sem,dia_real,ponto,sup,1.25,soma,2,8
ALT3,estresse,sem,dia_real,ponto,sup,1.25,por_tipo,2,8
ALT3,estresse,sem,dia_real,ic_inf,inf,0.75,soma,2,8
ALT3,estresse,sem,dia_real,ic_inf,inf,0.75,por_tipo,2,8
ALT3,estresse,sem,dia_real,ic_inf,inf,1.0,soma,2,8
ALT3,estresse,sem,dia_real,ic_inf,inf,1.0,por_tipo,2,8
ALT3,estresse,sem,dia_real,ic_inf,inf,1.25,soma,2,8
ALT3,estresse,sem,dia_real,ic_inf,inf,1.25,por_tipo,2,8
ALT3,estresse,sem,dia_real,ic_inf,provavel,0.75,soma,2,8
ALT3,estresse,sem,dia_real,ic_inf,provavel,0.75,por_tipo,2,8
ALT3,estresse,sem,dia_real,ic_inf,provavel,1.0,soma,1,8
ALT3,estresse,sem,dia_real,ic_inf,provavel,1.0,por_tipo,2,8
ALT3,estresse,sem,dia_real,ic_inf,provavel,1.25,soma,1,8
ALT3,estresse,sem,dia_real,ic_inf,provavel,1.25,por_tipo,2,8
ALT3,estresse,sem,dia_real,ic_inf,sup,0.75,soma,2,8
ALT3,estresse,sem,dia_real,ic_inf,sup,0.75,por_tipo,2,8
ALT3,estresse,sem,dia_real,ic_inf,sup,1.0,soma,1,8
ALT3,estresse,sem,dia_real,ic_inf,sup,1.0,por_tipo,2,8
ALT3,estresse,sem,dia_real,ic_inf,sup,1.25,soma,1,8
ALT3,estresse,sem,dia_real,ic_inf,sup,1.25,por_tipo,2,8
ALT3,estresse,sem,dia_real,ic_sup,inf,0.75,soma,3,8
ALT3,estresse,sem,dia_real,ic_sup,inf,0.75,por_tipo,4,8
ALT3,estresse,sem,dia_real,ic_sup,inf,1.0,soma,3,8
ALT3,estresse,sem,dia_real,ic_sup,inf,1.0,por_tipo,4,8
ALT3,estresse,sem,dia_real,ic_sup,inf,1.25,soma,2,8
ALT3,estresse,sem,dia_real,ic_sup,inf,1.25,por_tipo,3,8
ALT3,estresse,sem,dia_real,ic_sup,provavel,0.75,soma,3,8
ALT3,estresse,sem,dia_real,ic_sup,provavel,0.75,por_tipo,3,8
ALT3,estresse,sem,dia_real,ic_sup,provavel,1.0,soma,2,8
ALT3,estresse,sem,dia_real,ic_sup,provavel,1.0,por_tipo,3,8
ALT3,estresse,sem,dia_real,ic_sup,provavel,1.25,soma,2,8
ALT3,estresse,sem,dia_real,ic_sup,provavel,1.25,por_tipo,3,8
ALT3,estresse,sem,dia_real,ic_sup,sup,0.75,soma,3,9
ALT3,estresse,sem,dia_real,ic_sup,sup,0.75,por_tipo,3,9
ALT3,estresse,sem,dia_real,ic_sup,sup,1.0,soma,2,8
ALT3,estresse,sem,dia_real,ic_sup,sup,1.0,por_tipo,3,8
ALT3,estresse,sem,dia_real,ic_sup,sup,1.25,soma,2,8
ALT3,estresse,sem,dia_real,ic_sup,sup,1.25,por_tipo,3,8
ALT3,estresse,sem,mesmo_dia,ponto,inf,0.75,soma,3,-1
ALT3,estresse,sem,mesmo_dia,ponto,inf,0.75,por_tipo,3,-1
ALT3,estresse,sem,mesmo_dia,ponto,inf,1.0,soma,2,-1
ALT3,estresse,sem,mesmo_dia,ponto,inf,1.0,por_tipo,3,-1
ALT3,estresse,sem,mesmo_dia,ponto,inf,1.25,soma,2,-1
ALT3,estresse,sem,mesmo_dia,ponto,inf,1.25,por_tipo,3,-1
ALT3,estresse,sem,mesmo_dia,ponto,provavel,0.75,soma,3,-1
ALT3,estresse,sem,mesmo_dia,ponto,provavel,0.75,por_tipo,3,-1
ALT3,estresse,sem,mesmo_dia,ponto,provavel,1.0,soma,2,-1
ALT3,estresse,sem,mesmo_dia,ponto,provavel,1.0,por_tipo,3,-1
ALT3,estresse,sem,mesmo_dia,ponto,provavel,1.25,soma,2,-1
ALT3,estresse,sem,mesmo_dia,ponto,provavel,1.25,por_tipo,3,-1
ALT3,estresse,sem,mesmo_dia,ponto,sup,0.75,soma,3,-1
ALT3,estresse,sem,mesmo_dia,ponto,sup,0.75,por_tipo,3,-1
ALT3,estresse,sem,mesmo_dia,ponto,sup,1.0,soma,2,-1
ALT3,estresse,sem,mesmo_dia,ponto,sup,1.0,por_tipo,3,-1
ALT3,estresse,sem,mesmo_dia,ponto,sup,1.25,soma,2,-1
ALT3,estresse,sem,mesmo_dia,ponto,sup,1.25,por_tipo,3,-1
ALT6,estresse,sem,banda,ponto,inf,0.75,soma,6,8
ALT6,estresse,sem,banda,ponto,inf,0.75,por_tipo,6,8
ALT6,estresse,sem,banda,ponto,inf,1.0,soma,5,8
ALT6,estresse,sem,banda,ponto,inf,1.0,por_tipo,5,8
ALT6,estresse,sem,banda,ponto,inf,1.25,soma,4,8
ALT6,estresse,sem,banda,ponto,inf,1.25,por_tipo,4,8
ALT6,estresse,sem,banda,ponto,provavel,0.75,soma,5,8
ALT6,estresse,sem,banda,ponto,provavel,0.75,por_tipo,6,8
ALT6,estresse,sem,banda,ponto,provavel,1.0,soma,4,8
ALT6,estresse,sem,banda,ponto,provavel,1.0,por_tipo,5,8
ALT6,estresse,sem,banda,ponto,provavel,1.25,soma,3,8
ALT6,estresse,sem,banda,ponto,provavel,1.25,por_tipo,4,8
ALT6,estresse,sem,banda,ponto,sup,0.75,soma,5,11
ALT6,estresse,sem,banda,ponto,sup,0.75,por_tipo,6,11
ALT6,estresse,sem,banda,ponto,sup,1.0,soma,4,8
ALT6,estresse,sem,banda,ponto,sup,1.0,por_tipo,5,8
ALT6,estresse,sem,banda,ponto,sup,1.25,soma,3,8
ALT6,estresse,sem,banda,ponto,sup,1.25,por_tipo,4,8
ALT6,estresse,sem,dia_real,ponto,inf,0.75,soma,7,11
ALT6,estresse,sem,dia_real,ponto,inf,0.75,por_tipo,8,11
ALT6,estresse,sem,dia_real,ponto,inf,1.0,soma,5,8
ALT6,estresse,sem,dia_real,ponto,inf,1.0,por_tipo,6,8
ALT6,estresse,sem,dia_real,ponto,inf,1.25,soma,4,8
ALT6,estresse,sem,dia_real,ponto,inf,1.25,por_tipo,5,8
ALT6,estresse,sem,dia_real,ponto,provavel,0.75,soma,7,11
ALT6,estresse,sem,dia_real,ponto,provavel,0.75,por_tipo,8,11
ALT6,estresse,sem,dia_real,ponto,provavel,1.0,soma,5,11
ALT6,estresse,sem,dia_real,ponto,provavel,1.0,por_tipo,6,11
ALT6,estresse,sem,dia_real,ponto,provavel,1.25,soma,4,11
ALT6,estresse,sem,dia_real,ponto,provavel,1.25,por_tipo,5,11
ALT6,estresse,sem,dia_real,ponto,sup,0.75,soma,7,11
ALT6,estresse,sem,dia_real,ponto,sup,0.75,por_tipo,8,11
ALT6,estresse,sem,dia_real,ponto,sup,1.0,soma,5,11
ALT6,estresse,sem,dia_real,ponto,sup,1.0,por_tipo,6,11
ALT6,estresse,sem,dia_real,ponto,sup,1.25,soma,4,11
ALT6,estresse,sem,dia_real,ponto,sup,1.25,por_tipo,5,11
ALT6,estresse,sem,mesmo_dia,ponto,inf,0.75,soma,7,-1
ALT6,estresse,sem,mesmo_dia,ponto,inf,0.75,por_tipo,8,-1
ALT6,estresse,sem,mesmo_dia,ponto,inf,1.0,soma,6,-1
ALT6,estresse,sem,mesmo_dia,ponto,inf,1.0,por_tipo,6,-1
ALT6,estresse,sem,mesmo_dia,ponto,inf,1.25,soma,5,-1
ALT6,estresse,sem,mesmo_dia,ponto,inf,1.25,por_tipo,5,-1
ALT6,estresse,sem,mesmo_dia,ponto,provavel,0.75,soma,7,-1
ALT6,estresse,sem,mesmo_dia,ponto,provavel,0.75,por_tipo,7,-1
ALT6,estresse,sem,mesmo_dia,ponto,provavel,1.0,soma,5,-1
ALT6,estresse,sem,mesmo_dia,ponto,provavel,1.0,por_tipo,6,-1
ALT6,estresse,sem,mesmo_dia,ponto,provavel,1.25,soma,4,-1
ALT6,estresse,sem,mesmo_dia,ponto,provavel,1.25,por_tipo,5,-1
ALT6,estresse,sem,mesmo_dia,ponto,sup,0.75,soma,6,-1
ALT6,estresse,sem,mesmo_dia,ponto,sup,0.75,por_tipo,7,-1
ALT6,estresse,sem,mesmo_dia,ponto,sup,1.0,soma,5,-1
ALT6,estresse,sem,mesmo_dia,ponto,sup,1.0,por_tipo,5,-1
ALT6,estresse,sem,mesmo_dia,ponto,sup,1.25,soma,4,-1
ALT6,estresse,sem,mesmo_dia,ponto,sup,1.25,por_tipo,5,-1
ALT2,pos_colmeia,com,banda,ponto,na,0.75,soma,1,8
ALT2,pos_colmeia,com,banda,ponto,na,1.0,soma,1,8
ALT2,pos_colmeia,com,banda,ponto,na,1.25,soma,1,8
ALT2,pos_colmeia,com,banda,ic_inf,na,0.75,soma,1,8
ALT2,pos_colmeia,com,banda,ic_inf,na,1.0,soma,1,8
ALT2,pos_colmeia,com,banda,ic_inf,na,1.25,soma,1,8
ALT2,pos_colmeia,com,banda,ic_sup,na,0.75,soma,2,11
ALT2,pos_colmeia,com,banda,ic_sup,na,1.0,soma,2,11
ALT2,pos_colmeia,com,banda,ic_sup,na,1.25,soma,1,8
ALT2,pos_colmeia,com,dia_real,ponto,na,0.75,soma,2,12
ALT2,pos_colmeia,com,dia_real,ponto,na,1.0,soma,1,8
ALT2,pos_colmeia,com,dia_real,ponto,na,1.25,soma,1,8
ALT2,pos_colmeia,com,dia_real,ic_inf,na,0.75,soma,2,12
ALT2,pos_colmeia,com,dia_real,ic_inf,na,1.0,soma,1,8
ALT2,pos_colmeia,com,dia_real,ic_inf,na,1.25,soma,1,8
ALT2,pos_colmeia,com,dia_real,ic_sup,na,0.75,soma,3,12
ALT2,pos_colmeia,com,dia_real,ic_sup,na,1.0,soma,2,12
ALT2,pos_colmeia,com,dia_real,ic_sup,na,1.25,soma,2,12
ALT2,pos_colmeia,com,mesmo_dia,ponto,na,0.75,soma,2,-1
ALT2,pos_colmeia,com,mesmo_dia,ponto,na,1.0,soma,2,-1
ALT2,pos_colmeia,com,mesmo_dia,ponto,na,1.25,soma,1,-1
ALT3,pos_colmeia,com,banda,ponto,inf,0.75,soma,1,8
ALT3,pos_colmeia,com,banda,ponto,inf,0.75,por_tipo,2,8
ALT3,pos_colmeia,com,banda,ponto,inf,1.0,soma,1,8
ALT3,pos_colmeia,com,banda,ponto,inf,1.0,por_tipo,2,8
ALT3,pos_colmeia,com,banda,ponto,inf,1.25,soma,1,8
ALT3,pos_colmeia,com,banda,ponto,inf,1.25,por_tipo,2,8
ALT3,pos_colmeia,com,banda,ponto,provavel,0.75,soma,1,8
ALT3,pos_colmeia,com,banda,ponto,provavel,0.75,por_tipo,2,8
ALT3,pos_colmeia,com,banda,ponto,provavel,1.0,soma,1,8
ALT3,pos_colmeia,com,banda,ponto,provavel,1.0,por_tipo,2,8
ALT3,pos_colmeia,com,banda,ponto,provavel,1.25,soma,1,8
ALT3,pos_colmeia,com,banda,ponto,provavel,1.25,por_tipo,2,8
ALT3,pos_colmeia,com,banda,ponto,sup,0.75,soma,1,8
ALT3,pos_colmeia,com,banda,ponto,sup,0.75,por_tipo,2,8
ALT3,pos_colmeia,com,banda,ponto,sup,1.0,soma,1,8
ALT3,pos_colmeia,com,banda,ponto,sup,1.0,por_tipo,2,8
ALT3,pos_colmeia,com,banda,ponto,sup,1.25,soma,1,8
ALT3,pos_colmeia,com,banda,ponto,sup,1.25,por_tipo,2,8
ALT3,pos_colmeia,com,banda,ic_inf,inf,0.75,soma,1,8
ALT3,pos_colmeia,com,banda,ic_inf,inf,0.75,por_tipo,2,8
ALT3,pos_colmeia,com,banda,ic_inf,inf,1.0,soma,1,8
ALT3,pos_colmeia,com,banda,ic_inf,inf,1.0,por_tipo,2,8
ALT3,pos_colmeia,com,banda,ic_inf,inf,1.25,soma,1,8
ALT3,pos_colmeia,com,banda,ic_inf,inf,1.25,por_tipo,2,8
ALT3,pos_colmeia,com,banda,ic_inf,provavel,0.75,soma,1,8
ALT3,pos_colmeia,com,banda,ic_inf,provavel,0.75,por_tipo,2,8
ALT3,pos_colmeia,com,banda,ic_inf,provavel,1.0,soma,1,8
ALT3,pos_colmeia,com,banda,ic_inf,provavel,1.0,por_tipo,2,8
ALT3,pos_colmeia,com,banda,ic_inf,provavel,1.25,soma,1,8
ALT3,pos_colmeia,com,banda,ic_inf,provavel,1.25,por_tipo,2,8
ALT3,pos_colmeia,com,banda,ic_inf,sup,0.75,soma,1,8
ALT3,pos_colmeia,com,banda,ic_inf,sup,0.75,por_tipo,2,8
ALT3,pos_colmeia,com,banda,ic_inf,sup,1.0,soma,1,8
ALT3,pos_colmeia,com,banda,ic_inf,sup,1.0,por_tipo,2,8
ALT3,pos_colmeia,com,banda,ic_inf,sup,1.25,soma,1,8
ALT3,pos_colmeia,com,banda,ic_inf,sup,1.25,por_tipo,2,8
ALT3,pos_colmeia,com,banda,ic_sup,inf,0.75,soma,2,8
ALT3,pos_colmeia,com,banda,ic_sup,inf,0.75,por_tipo,3,8
ALT3,pos_colmeia,com,banda,ic_sup,inf,1.0,soma,2,8
ALT3,pos_colmeia,com,banda,ic_sup,inf,1.0,por_tipo,3,8
ALT3,pos_colmeia,com,banda,ic_sup,inf,1.25,soma,1,8
ALT3,pos_colmeia,com,banda,ic_sup,inf,1.25,por_tipo,2,8
ALT3,pos_colmeia,com,banda,ic_sup,provavel,0.75,soma,2,11
ALT3,pos_colmeia,com,banda,ic_sup,provavel,0.75,por_tipo,3,11
ALT3,pos_colmeia,com,banda,ic_sup,provavel,1.0,soma,2,11
ALT3,pos_colmeia,com,banda,ic_sup,provavel,1.0,por_tipo,3,11
ALT3,pos_colmeia,com,banda,ic_sup,provavel,1.25,soma,1,8
ALT3,pos_colmeia,com,banda,ic_sup,provavel,1.25,por_tipo,2,8
ALT3,pos_colmeia,com,banda,ic_sup,sup,0.75,soma,2,11
ALT3,pos_colmeia,com,banda,ic_sup,sup,0.75,por_tipo,3,11
ALT3,pos_colmeia,com,banda,ic_sup,sup,1.0,soma,2,11
ALT3,pos_colmeia,com,banda,ic_sup,sup,1.0,por_tipo,3,11
ALT3,pos_colmeia,com,banda,ic_sup,sup,1.25,soma,1,8
ALT3,pos_colmeia,com,banda,ic_sup,sup,1.25,por_tipo,2,8
ALT3,pos_colmeia,com,dia_real,ponto,inf,0.75,soma,2,8
ALT3,pos_colmeia,com,dia_real,ponto,inf,0.75,por_tipo,3,8
ALT3,pos_colmeia,com,dia_real,ponto,inf,1.0,soma,2,8
ALT3,pos_colmeia,com,dia_real,ponto,inf,1.0,por_tipo,2,8
ALT3,pos_colmeia,com,dia_real,ponto,inf,1.25,soma,2,8
ALT3,pos_colmeia,com,dia_real,ponto,inf,1.25,por_tipo,2,8
ALT3,pos_colmeia,com,dia_real,ponto,provavel,0.75,soma,2,12
ALT3,pos_colmeia,com,dia_real,ponto,provavel,0.75,por_tipo,3,12
ALT3,pos_colmeia,com,dia_real,ponto,provavel,1.0,soma,1,8
ALT3,pos_colmeia,com,dia_real,ponto,provavel,1.0,por_tipo,2,8
ALT3,pos_colmeia,com,dia_real,ponto,provavel,1.25,soma,1,8
ALT3,pos_colmeia,com,dia_real,ponto,provavel,1.25,por_tipo,2,8
ALT3,pos_colmeia,com,dia_real,ponto,sup,0.75,soma,2,12
ALT3,pos_colmeia,com,dia_real,ponto,sup,0.75,por_tipo,3,12
ALT3,pos_colmeia,com,dia_real,ponto,sup,1.0,soma,1,8
ALT3,pos_colmeia,com,dia_real,ponto,sup,1.0,por_tipo,2,8
ALT3,pos_colmeia,com,dia_real,ponto,sup,1.25,soma,1,8
ALT3,pos_colmeia,com,dia_real,ponto,sup,1.25,por_tipo,2,8
ALT3,pos_colmeia,com,dia_real,ic_inf,inf,0.75,soma,2,12
ALT3,pos_colmeia,com,dia_real,ic_inf,inf,0.75,por_tipo,3,12
ALT3,pos_colmeia,com,dia_real,ic_inf,inf,1.0,soma,1,8
ALT3,pos_colmeia,com,dia_real,ic_inf,inf,1.0,por_tipo,2,8
ALT3,pos_colmeia,com,dia_real,ic_inf,inf,1.25,soma,1,8
ALT3,pos_colmeia,com,dia_real,ic_inf,inf,1.25,por_tipo,2,8
ALT3,pos_colmeia,com,dia_real,ic_inf,provavel,0.75,soma,2,12
ALT3,pos_colmeia,com,dia_real,ic_inf,provavel,0.75,por_tipo,3,12
ALT3,pos_colmeia,com,dia_real,ic_inf,provavel,1.0,soma,1,8
ALT3,pos_colmeia,com,dia_real,ic_inf,provavel,1.0,por_tipo,2,8
ALT3,pos_colmeia,com,dia_real,ic_inf,provavel,1.25,soma,1,8
ALT3,pos_colmeia,com,dia_real,ic_inf,provavel,1.25,por_tipo,2,8
ALT3,pos_colmeia,com,dia_real,ic_inf,sup,0.75,soma,2,12
ALT3,pos_colmeia,com,dia_real,ic_inf,sup,0.75,por_tipo,3,12
ALT3,pos_colmeia,com,dia_real,ic_inf,sup,1.0,soma,1,8
ALT3,pos_colmeia,com,dia_real,ic_inf,sup,1.0,por_tipo,2,8
ALT3,pos_colmeia,com,dia_real,ic_inf,sup,1.25,soma,1,8
ALT3,pos_colmeia,com,dia_real,ic_inf,sup,1.25,por_tipo,2,8
ALT3,pos_colmeia,com,dia_real,ic_sup,inf,0.75,soma,3,12
ALT3,pos_colmeia,com,dia_real,ic_sup,inf,0.75,por_tipo,4,12
ALT3,pos_colmeia,com,dia_real,ic_sup,inf,1.0,soma,2,8
ALT3,pos_colmeia,com,dia_real,ic_sup,inf,1.0,por_tipo,3,8
ALT3,pos_colmeia,com,dia_real,ic_sup,inf,1.25,soma,2,8
ALT3,pos_colmeia,com,dia_real,ic_sup,inf,1.25,por_tipo,3,8
ALT3,pos_colmeia,com,dia_real,ic_sup,provavel,0.75,soma,3,12
ALT3,pos_colmeia,com,dia_real,ic_sup,provavel,0.75,por_tipo,4,12
ALT3,pos_colmeia,com,dia_real,ic_sup,provavel,1.0,soma,2,8
ALT3,pos_colmeia,com,dia_real,ic_sup,provavel,1.0,por_tipo,3,8
ALT3,pos_colmeia,com,dia_real,ic_sup,provavel,1.25,soma,2,12
ALT3,pos_colmeia,com,dia_real,ic_sup,provavel,1.25,por_tipo,3,12
ALT3,pos_colmeia,com,dia_real,ic_sup,sup,0.75,soma,3,12
ALT3,pos_colmeia,com,dia_real,ic_sup,sup,0.75,por_tipo,4,12
ALT3,pos_colmeia,com,dia_real,ic_sup,sup,1.0,soma,2,12
ALT3,pos_colmeia,com,dia_real,ic_sup,sup,1.0,por_tipo,3,12
ALT3,pos_colmeia,com,dia_real,ic_sup,sup,1.25,soma,2,12
ALT3,pos_colmeia,com,dia_real,ic_sup,sup,1.25,por_tipo,3,12
ALT3,pos_colmeia,com,mesmo_dia,ponto,inf,0.75,soma,2,-1
ALT3,pos_colmeia,com,mesmo_dia,ponto,inf,0.75,por_tipo,3,-1
ALT3,pos_colmeia,com,mesmo_dia,ponto,inf,1.0,soma,2,-1
ALT3,pos_colmeia,com,mesmo_dia,ponto,inf,1.0,por_tipo,2,-1
ALT3,pos_colmeia,com,mesmo_dia,ponto,inf,1.25,soma,1,-1
ALT3,pos_colmeia,com,mesmo_dia,ponto,inf,1.25,por_tipo,2,-1
ALT3,pos_colmeia,com,mesmo_dia,ponto,provavel,0.75,soma,2,-1
ALT3,pos_colmeia,com,mesmo_dia,ponto,provavel,0.75,por_tipo,3,-1
ALT3,pos_colmeia,com,mesmo_dia,ponto,provavel,1.0,soma,2,-1
ALT3,pos_colmeia,com,mesmo_dia,ponto,provavel,1.0,por_tipo,2,-1
ALT3,pos_colmeia,com,mesmo_dia,ponto,provavel,1.25,soma,1,-1
ALT3,pos_colmeia,com,mesmo_dia,ponto,provavel,1.25,por_tipo,2,-1
ALT3,pos_colmeia,com,mesmo_dia,ponto,sup,0.75,soma,2,-1
ALT3,pos_colmeia,com,mesmo_dia,ponto,sup,0.75,por_tipo,3,-1
ALT3,pos_colmeia,com,mesmo_dia,ponto,sup,1.0,soma,2,-1
ALT3,pos_colmeia,com,mesmo_dia,ponto,sup,1.0,por_tipo,2,-1
ALT3,pos_colmeia,com,mesmo_dia,ponto,sup,1.25,soma,1,-1
ALT3,pos_colmeia,com,mesmo_dia,ponto,sup,1.25,por_tipo,2,-1
ALT6,pos_colmeia,com,banda,ponto,inf,0.75,soma,6,8
ALT6,pos_colmeia,com,banda,ponto,inf,0.75,por_tipo,6,8
ALT6,pos_colmeia,com,banda,ponto,inf,1.0,soma,5,8
ALT6,pos_colmeia,com,banda,ponto,inf,1.0,por_tipo,6,8
ALT6,pos_colmeia,com,banda,ponto,inf,1.25,soma,5,8
ALT6,pos_colmeia,com,banda,ponto,inf,1.25,por_tipo,5,8
ALT6,pos_colmeia,com,banda,ponto,provavel,0.75,soma,5,8
ALT6,pos_colmeia,com,banda,ponto,provavel,0.75,por_tipo,5,8
ALT6,pos_colmeia,com,banda,ponto,provavel,1.0,soma,4,8
ALT6,pos_colmeia,com,banda,ponto,provavel,1.0,por_tipo,5,8
ALT6,pos_colmeia,com,banda,ponto,provavel,1.25,soma,4,8
ALT6,pos_colmeia,com,banda,ponto,provavel,1.25,por_tipo,4,8
ALT6,pos_colmeia,com,banda,ponto,sup,0.75,soma,4,8
ALT6,pos_colmeia,com,banda,ponto,sup,0.75,por_tipo,4,8
ALT6,pos_colmeia,com,banda,ponto,sup,1.0,soma,4,8
ALT6,pos_colmeia,com,banda,ponto,sup,1.0,por_tipo,4,8
ALT6,pos_colmeia,com,banda,ponto,sup,1.25,soma,3,8
ALT6,pos_colmeia,com,banda,ponto,sup,1.25,por_tipo,3,8
ALT6,pos_colmeia,com,dia_real,ponto,inf,0.75,soma,6,8
ALT6,pos_colmeia,com,dia_real,ponto,inf,0.75,por_tipo,7,8
ALT6,pos_colmeia,com,dia_real,ponto,inf,1.0,soma,5,8
ALT6,pos_colmeia,com,dia_real,ponto,inf,1.0,por_tipo,6,8
ALT6,pos_colmeia,com,dia_real,ponto,inf,1.25,soma,5,9
ALT6,pos_colmeia,com,dia_real,ponto,inf,1.25,por_tipo,5,9
ALT6,pos_colmeia,com,dia_real,ponto,provavel,0.75,soma,6,9
ALT6,pos_colmeia,com,dia_real,ponto,provavel,0.75,por_tipo,6,9
ALT6,pos_colmeia,com,dia_real,ponto,provavel,1.0,soma,5,9
ALT6,pos_colmeia,com,dia_real,ponto,provavel,1.0,por_tipo,5,9
ALT6,pos_colmeia,com,dia_real,ponto,provavel,1.25,soma,4,9
ALT6,pos_colmeia,com,dia_real,ponto,provavel,1.25,por_tipo,4,9
ALT6,pos_colmeia,com,dia_real,ponto,sup,0.75,soma,5,9
ALT6,pos_colmeia,com,dia_real,ponto,sup,0.75,por_tipo,6,9
ALT6,pos_colmeia,com,dia_real,ponto,sup,1.0,soma,4,8
ALT6,pos_colmeia,com,dia_real,ponto,sup,1.0,por_tipo,5,8
ALT6,pos_colmeia,com,dia_real,ponto,sup,1.25,soma,4,9
ALT6,pos_colmeia,com,dia_real,ponto,sup,1.25,por_tipo,4,9
ALT6,pos_colmeia,com,mesmo_dia,ponto,inf,0.75,soma,7,-1
ALT6,pos_colmeia,com,mesmo_dia,ponto,inf,0.75,por_tipo,7,-1
ALT6,pos_colmeia,com,mesmo_dia,ponto,inf,1.0,soma,5,-1
ALT6,pos_colmeia,com,mesmo_dia,ponto,inf,1.0,por_tipo,6,-1
ALT6,pos_colmeia,com,mesmo_dia,ponto,inf,1.25,soma,5,-1
ALT6,pos_colmeia,com,mesmo_dia,ponto,inf,1.25,por_tipo,6,-1
ALT6,pos_colmeia,com,mesmo_dia,ponto,provavel,0.75,soma,6,-1
ALT6,pos_colmeia,com,mesmo_dia,ponto,provavel,0.75,por_tipo,7,-1
ALT6,pos_colmeia,com,mesmo_dia,ponto,provavel,1.0,soma,5,-1
ALT6,pos_colmeia,com,mesmo_dia,ponto,provavel,1.0,por_tipo,6,-1
ALT6,pos_colmeia,com,mesmo_dia,ponto,provavel,1.25,soma,4,-1
ALT6,pos_colmeia,com,mesmo_dia,ponto,provavel,1.25,por_tipo,5,-1
ALT6,pos_colmeia,com,mesmo_dia,ponto,sup,0.75,soma,6,-1
ALT6,pos_colmeia,com,mesmo_dia,ponto,sup,0.75,por_tipo,6,-1
ALT6,pos_colmeia,com,mesmo_dia,ponto,sup,1.0,soma,5,-1
ALT6,pos_colmeia,com,mesmo_dia,ponto,sup,1.0,por_tipo,5,-1
ALT6,pos_colmeia,com,mesmo_dia,ponto,sup,1.25,soma,4,-1
ALT6,pos_colmeia,com,mesmo_dia,ponto,sup,1.25,por_tipo,4,-1
ALT2,pos_colmeia,sem,banda,ponto,na,0.75,soma,1,8
ALT2,pos_colmeia,sem,banda,ponto,na,1.0,soma,1,8
ALT2,pos_colmeia,sem,banda,ponto,na,1.25,soma,1,8
ALT2,pos_colmeia,sem,banda,ic_inf,na,0.75,soma,1,8
ALT2,pos_colmeia,sem,banda,ic_inf,na,1.0,soma,1,8
ALT2,pos_colmeia,sem,banda,ic_inf,na,1.25,soma,1,8
ALT2,pos_colmeia,sem,banda,ic_sup,na,0.75,soma,2,11
ALT2,pos_colmeia,sem,banda,ic_sup,na,1.0,soma,2,11
ALT2,pos_colmeia,sem,banda,ic_sup,na,1.25,soma,1,8
ALT2,pos_colmeia,sem,dia_real,ponto,na,0.75,soma,2,12
ALT2,pos_colmeia,sem,dia_real,ponto,na,1.0,soma,1,8
ALT2,pos_colmeia,sem,dia_real,ponto,na,1.25,soma,1,8
ALT2,pos_colmeia,sem,dia_real,ic_inf,na,0.75,soma,2,12
ALT2,pos_colmeia,sem,dia_real,ic_inf,na,1.0,soma,1,8
ALT2,pos_colmeia,sem,dia_real,ic_inf,na,1.25,soma,1,8
ALT2,pos_colmeia,sem,dia_real,ic_sup,na,0.75,soma,3,12
ALT2,pos_colmeia,sem,dia_real,ic_sup,na,1.0,soma,2,12
ALT2,pos_colmeia,sem,dia_real,ic_sup,na,1.25,soma,2,12
ALT2,pos_colmeia,sem,mesmo_dia,ponto,na,0.75,soma,2,-1
ALT2,pos_colmeia,sem,mesmo_dia,ponto,na,1.0,soma,2,-1
ALT2,pos_colmeia,sem,mesmo_dia,ponto,na,1.25,soma,1,-1
ALT3,pos_colmeia,sem,banda,ponto,inf,0.75,soma,1,8
ALT3,pos_colmeia,sem,banda,ponto,inf,0.75,por_tipo,2,8
ALT3,pos_colmeia,sem,banda,ponto,inf,1.0,soma,1,8
ALT3,pos_colmeia,sem,banda,ponto,inf,1.0,por_tipo,2,8
ALT3,pos_colmeia,sem,banda,ponto,inf,1.25,soma,1,8
ALT3,pos_colmeia,sem,banda,ponto,inf,1.25,por_tipo,2,8
ALT3,pos_colmeia,sem,banda,ponto,provavel,0.75,soma,1,8
ALT3,pos_colmeia,sem,banda,ponto,provavel,0.75,por_tipo,2,8
ALT3,pos_colmeia,sem,banda,ponto,provavel,1.0,soma,1,8
ALT3,pos_colmeia,sem,banda,ponto,provavel,1.0,por_tipo,2,8
ALT3,pos_colmeia,sem,banda,ponto,provavel,1.25,soma,1,8
ALT3,pos_colmeia,sem,banda,ponto,provavel,1.25,por_tipo,2,8
ALT3,pos_colmeia,sem,banda,ponto,sup,0.75,soma,1,8
ALT3,pos_colmeia,sem,banda,ponto,sup,0.75,por_tipo,2,8
ALT3,pos_colmeia,sem,banda,ponto,sup,1.0,soma,1,8
ALT3,pos_colmeia,sem,banda,ponto,sup,1.0,por_tipo,2,8
ALT3,pos_colmeia,sem,banda,ponto,sup,1.25,soma,1,8
ALT3,pos_colmeia,sem,banda,ponto,sup,1.25,por_tipo,2,8
ALT3,pos_colmeia,sem,banda,ic_inf,inf,0.75,soma,1,8
ALT3,pos_colmeia,sem,banda,ic_inf,inf,0.75,por_tipo,2,8
ALT3,pos_colmeia,sem,banda,ic_inf,inf,1.0,soma,1,8
ALT3,pos_colmeia,sem,banda,ic_inf,inf,1.0,por_tipo,2,8
ALT3,pos_colmeia,sem,banda,ic_inf,inf,1.25,soma,1,8
ALT3,pos_colmeia,sem,banda,ic_inf,inf,1.25,por_tipo,2,8
ALT3,pos_colmeia,sem,banda,ic_inf,provavel,0.75,soma,1,8
ALT3,pos_colmeia,sem,banda,ic_inf,provavel,0.75,por_tipo,2,8
ALT3,pos_colmeia,sem,banda,ic_inf,provavel,1.0,soma,1,8
ALT3,pos_colmeia,sem,banda,ic_inf,provavel,1.0,por_tipo,2,8
ALT3,pos_colmeia,sem,banda,ic_inf,provavel,1.25,soma,1,8
ALT3,pos_colmeia,sem,banda,ic_inf,provavel,1.25,por_tipo,2,8
ALT3,pos_colmeia,sem,banda,ic_inf,sup,0.75,soma,1,8
ALT3,pos_colmeia,sem,banda,ic_inf,sup,0.75,por_tipo,2,8
ALT3,pos_colmeia,sem,banda,ic_inf,sup,1.0,soma,1,8
ALT3,pos_colmeia,sem,banda,ic_inf,sup,1.0,por_tipo,2,8
ALT3,pos_colmeia,sem,banda,ic_inf,sup,1.25,soma,1,8
ALT3,pos_colmeia,sem,banda,ic_inf,sup,1.25,por_tipo,2,8
ALT3,pos_colmeia,sem,banda,ic_sup,inf,0.75,soma,2,8
ALT3,pos_colmeia,sem,banda,ic_sup,inf,0.75,por_tipo,3,8
ALT3,pos_colmeia,sem,banda,ic_sup,inf,1.0,soma,2,8
ALT3,pos_colmeia,sem,banda,ic_sup,inf,1.0,por_tipo,3,8
ALT3,pos_colmeia,sem,banda,ic_sup,inf,1.25,soma,2,11
ALT3,pos_colmeia,sem,banda,ic_sup,inf,1.25,por_tipo,2,11
ALT3,pos_colmeia,sem,banda,ic_sup,provavel,0.75,soma,2,11
ALT3,pos_colmeia,sem,banda,ic_sup,provavel,0.75,por_tipo,3,11
ALT3,pos_colmeia,sem,banda,ic_sup,provavel,1.0,soma,2,11
ALT3,pos_colmeia,sem,banda,ic_sup,provavel,1.0,por_tipo,3,11
ALT3,pos_colmeia,sem,banda,ic_sup,provavel,1.25,soma,1,8
ALT3,pos_colmeia,sem,banda,ic_sup,provavel,1.25,por_tipo,2,8
ALT3,pos_colmeia,sem,banda,ic_sup,sup,0.75,soma,2,11
ALT3,pos_colmeia,sem,banda,ic_sup,sup,0.75,por_tipo,3,11
ALT3,pos_colmeia,sem,banda,ic_sup,sup,1.0,soma,2,11
ALT3,pos_colmeia,sem,banda,ic_sup,sup,1.0,por_tipo,3,11
ALT3,pos_colmeia,sem,banda,ic_sup,sup,1.25,soma,1,8
ALT3,pos_colmeia,sem,banda,ic_sup,sup,1.25,por_tipo,2,8
ALT3,pos_colmeia,sem,dia_real,ponto,inf,0.75,soma,2,12
ALT3,pos_colmeia,sem,dia_real,ponto,inf,0.75,por_tipo,2,12
ALT3,pos_colmeia,sem,dia_real,ponto,inf,1.0,soma,1,8
ALT3,pos_colmeia,sem,dia_real,ponto,inf,1.0,por_tipo,2,8
ALT3,pos_colmeia,sem,dia_real,ponto,inf,1.25,soma,1,8
ALT3,pos_colmeia,sem,dia_real,ponto,inf,1.25,por_tipo,2,8
ALT3,pos_colmeia,sem,dia_real,ponto,provavel,0.75,soma,2,12
ALT3,pos_colmeia,sem,dia_real,ponto,provavel,0.75,por_tipo,2,12
ALT3,pos_colmeia,sem,dia_real,ponto,provavel,1.0,soma,1,8
ALT3,pos_colmeia,sem,dia_real,ponto,provavel,1.0,por_tipo,2,8
ALT3,pos_colmeia,sem,dia_real,ponto,provavel,1.25,soma,1,8
ALT3,pos_colmeia,sem,dia_real,ponto,provavel,1.25,por_tipo,2,8
ALT3,pos_colmeia,sem,dia_real,ponto,sup,0.75,soma,2,12
ALT3,pos_colmeia,sem,dia_real,ponto,sup,0.75,por_tipo,2,12
ALT3,pos_colmeia,sem,dia_real,ponto,sup,1.0,soma,1,8
ALT3,pos_colmeia,sem,dia_real,ponto,sup,1.0,por_tipo,2,8
ALT3,pos_colmeia,sem,dia_real,ponto,sup,1.25,soma,1,8
ALT3,pos_colmeia,sem,dia_real,ponto,sup,1.25,por_tipo,2,8
ALT3,pos_colmeia,sem,dia_real,ic_inf,inf,0.75,soma,2,12
ALT3,pos_colmeia,sem,dia_real,ic_inf,inf,0.75,por_tipo,2,12
ALT3,pos_colmeia,sem,dia_real,ic_inf,inf,1.0,soma,1,8
ALT3,pos_colmeia,sem,dia_real,ic_inf,inf,1.0,por_tipo,2,8
ALT3,pos_colmeia,sem,dia_real,ic_inf,inf,1.25,soma,1,8
ALT3,pos_colmeia,sem,dia_real,ic_inf,inf,1.25,por_tipo,2,8
ALT3,pos_colmeia,sem,dia_real,ic_inf,provavel,0.75,soma,2,12
ALT3,pos_colmeia,sem,dia_real,ic_inf,provavel,0.75,por_tipo,2,12
ALT3,pos_colmeia,sem,dia_real,ic_inf,provavel,1.0,soma,1,8
ALT3,pos_colmeia,sem,dia_real,ic_inf,provavel,1.0,por_tipo,2,8
ALT3,pos_colmeia,sem,dia_real,ic_inf,provavel,1.25,soma,1,8
ALT3,pos_colmeia,sem,dia_real,ic_inf,provavel,1.25,por_tipo,2,8
ALT3,pos_colmeia,sem,dia_real,ic_inf,sup,0.75,soma,2,12
ALT3,pos_colmeia,sem,dia_real,ic_inf,sup,0.75,por_tipo,2,12
ALT3,pos_colmeia,sem,dia_real,ic_inf,sup,1.0,soma,1,8
ALT3,pos_colmeia,sem,dia_real,ic_inf,sup,1.0,por_tipo,2,8
ALT3,pos_colmeia,sem,dia_real,ic_inf,sup,1.25,soma,1,8
ALT3,pos_colmeia,sem,dia_real,ic_inf,sup,1.25,por_tipo,2,8
ALT3,pos_colmeia,sem,dia_real,ic_sup,inf,0.75,soma,3,12
ALT3,pos_colmeia,sem,dia_real,ic_sup,inf,0.75,por_tipo,3,12
ALT3,pos_colmeia,sem,dia_real,ic_sup,inf,1.0,soma,2,12
ALT3,pos_colmeia,sem,dia_real,ic_sup,inf,1.0,por_tipo,2,12
ALT3,pos_colmeia,sem,dia_real,ic_sup,inf,1.25,soma,2,12
ALT3,pos_colmeia,sem,dia_real,ic_sup,inf,1.25,por_tipo,2,12
ALT3,pos_colmeia,sem,dia_real,ic_sup,provavel,0.75,soma,3,12
ALT3,pos_colmeia,sem,dia_real,ic_sup,provavel,0.75,por_tipo,3,12
ALT3,pos_colmeia,sem,dia_real,ic_sup,provavel,1.0,soma,2,12
ALT3,pos_colmeia,sem,dia_real,ic_sup,provavel,1.0,por_tipo,2,12
ALT3,pos_colmeia,sem,dia_real,ic_sup,provavel,1.25,soma,2,12
ALT3,pos_colmeia,sem,dia_real,ic_sup,provavel,1.25,por_tipo,2,12
ALT3,pos_colmeia,sem,dia_real,ic_sup,sup,0.75,soma,3,12
ALT3,pos_colmeia,sem,dia_real,ic_sup,sup,0.75,por_tipo,3,12
ALT3,pos_colmeia,sem,dia_real,ic_sup,sup,1.0,soma,2,12
ALT3,pos_colmeia,sem,dia_real,ic_sup,sup,1.0,por_tipo,2,12
ALT3,pos_colmeia,sem,dia_real,ic_sup,sup,1.25,soma,2,12
ALT3,pos_colmeia,sem,dia_real,ic_sup,sup,1.25,por_tipo,2,12
ALT3,pos_colmeia,sem,mesmo_dia,ponto,inf,0.75,soma,2,-1
ALT3,pos_colmeia,sem,mesmo_dia,ponto,inf,0.75,por_tipo,3,-1
ALT3,pos_colmeia,sem,mesmo_dia,ponto,inf,1.0,soma,2,-1
ALT3,pos_colmeia,sem,mesmo_dia,ponto,inf,1.0,por_tipo,2,-1
ALT3,pos_colmeia,sem,mesmo_dia,ponto,inf,1.25,soma,1,-1
ALT3,pos_colmeia,sem,mesmo_dia,ponto,inf,1.25,por_tipo,2,-1
ALT3,pos_colmeia,sem,mesmo_dia,ponto,provavel,0.75,soma,2,-1
ALT3,pos_colmeia,sem,mesmo_dia,ponto,provavel,0.75,por_tipo,3,-1
ALT3,pos_colmeia,sem,mesmo_dia,ponto,provavel,1.0,soma,2,-1
ALT3,pos_colmeia,sem,mesmo_dia,ponto,provavel,1.0,por_tipo,2,-1
ALT3,pos_colmeia,sem,mesmo_dia,ponto,provavel,1.25,soma,1,-1
ALT3,pos_colmeia,sem,mesmo_dia,ponto,provavel,1.25,por_tipo,2,-1
ALT3,pos_colmeia,sem,mesmo_dia,ponto,sup,0.75,soma,2,-1
ALT3,pos_colmeia,sem,mesmo_dia,ponto,sup,0.75,por_tipo,3,-1
ALT3,pos_colmeia,sem,mesmo_dia,ponto,sup,1.0,soma,2,-1
ALT3,pos_colmeia,sem,mesmo_dia,ponto,sup,1.0,por_tipo,2,-1
ALT3,pos_colmeia,sem,mesmo_dia,ponto,sup,1.25,soma,1,-1
ALT3,pos_colmeia,sem,mesmo_dia,ponto,sup,1.25,por_tipo,2,-1
ALT6,pos_colmeia,sem,banda,ponto,inf,0.75,soma,6,8
ALT6,pos_colmeia,sem,banda,ponto,inf,0.75,por_tipo,7,8
ALT6,pos_colmeia,sem,banda,ponto,inf,1.0,soma,5,8
ALT6,pos_colmeia,sem,banda,ponto,inf,1.0,por_tipo,6,8
ALT6,pos_colmeia,sem,banda,ponto,inf,1.25,soma,4,8
ALT6,pos_colmeia,sem,banda,ponto,inf,1.25,por_tipo,5,8
ALT6,pos_colmeia,sem,banda,ponto,provavel,0.75,soma,5,8
ALT6,pos_colmeia,sem,banda,ponto,provavel,0.75,por_tipo,6,8
ALT6,pos_colmeia,sem,banda,ponto,provavel,1.0,soma,4,8
ALT6,pos_colmeia,sem,banda,ponto,provavel,1.0,por_tipo,5,8
ALT6,pos_colmeia,sem,banda,ponto,provavel,1.25,soma,4,8
ALT6,pos_colmeia,sem,banda,ponto,provavel,1.25,por_tipo,4,8
ALT6,pos_colmeia,sem,banda,ponto,sup,0.75,soma,4,8
ALT6,pos_colmeia,sem,banda,ponto,sup,0.75,por_tipo,5,8
ALT6,pos_colmeia,sem,banda,ponto,sup,1.0,soma,4,8
ALT6,pos_colmeia,sem,banda,ponto,sup,1.0,por_tipo,4,8
ALT6,pos_colmeia,sem,banda,ponto,sup,1.25,soma,3,8
ALT6,pos_colmeia,sem,banda,ponto,sup,1.25,por_tipo,3,8
ALT6,pos_colmeia,sem,dia_real,ponto,inf,0.75,soma,4,8
ALT6,pos_colmeia,sem,dia_real,ponto,inf,0.75,por_tipo,5,8
ALT6,pos_colmeia,sem,dia_real,ponto,inf,1.0,soma,4,8
ALT6,pos_colmeia,sem,dia_real,ponto,inf,1.0,por_tipo,5,8
ALT6,pos_colmeia,sem,dia_real,ponto,inf,1.25,soma,4,8
ALT6,pos_colmeia,sem,dia_real,ponto,inf,1.25,por_tipo,5,8
ALT6,pos_colmeia,sem,dia_real,ponto,provavel,0.75,soma,4,12
ALT6,pos_colmeia,sem,dia_real,ponto,provavel,0.75,por_tipo,5,12
ALT6,pos_colmeia,sem,dia_real,ponto,provavel,1.0,soma,3,8
ALT6,pos_colmeia,sem,dia_real,ponto,provavel,1.0,por_tipo,4,8
ALT6,pos_colmeia,sem,dia_real,ponto,provavel,1.25,soma,3,8
ALT6,pos_colmeia,sem,dia_real,ponto,provavel,1.25,por_tipo,4,8
ALT6,pos_colmeia,sem,dia_real,ponto,sup,0.75,soma,4,12
ALT6,pos_colmeia,sem,dia_real,ponto,sup,0.75,por_tipo,5,12
ALT6,pos_colmeia,sem,dia_real,ponto,sup,1.0,soma,3,12
ALT6,pos_colmeia,sem,dia_real,ponto,sup,1.0,por_tipo,4,12
ALT6,pos_colmeia,sem,dia_real,ponto,sup,1.25,soma,3,12
ALT6,pos_colmeia,sem,dia_real,ponto,sup,1.25,por_tipo,4,12
ALT6,pos_colmeia,sem,mesmo_dia,ponto,inf,0.75,soma,7,-1
ALT6,pos_colmeia,sem,mesmo_dia,ponto,inf,0.75,por_tipo,7,-1
ALT6,pos_colmeia,sem,mesmo_dia,ponto,inf,1.0,soma,5,-1
ALT6,pos_colmeia,sem,mesmo_dia,ponto,inf,1.0,por_tipo,6,-1
ALT6,pos_colmeia,sem,mesmo_dia,ponto,inf,1.25,soma,5,-1
ALT6,pos_colmeia,sem,mesmo_dia,ponto,inf,1.25,por_tipo,6,-1
ALT6,pos_colmeia,sem,mesmo_dia,ponto,provavel,0.75,soma,6,-1
ALT6,pos_colmeia,sem,mesmo_dia,ponto,provavel,0.75,por_tipo,7,-1
ALT6,pos_colmeia,sem,mesmo_dia,ponto,provavel,1.0,soma,5,-1
ALT6,pos_colmeia,sem,mesmo_dia,ponto,provavel,1.0,por_tipo,5,-1
ALT6,pos_colmeia,sem,mesmo_dia,ponto,provavel,1.25,soma,4,-1
ALT6,pos_colmeia,sem,mesmo_dia,ponto,provavel,1.25,por_tipo,5,-1
ALT6,pos_colmeia,sem,mesmo_dia,ponto,sup,0.75,soma,6,-1
ALT6,pos_colmeia,sem,mesmo_dia,ponto,sup,0.75,por_tipo,6,-1
ALT6,pos_colmeia,sem,mesmo_dia,ponto,sup,1.0,soma,5,-1
ALT6,pos_colmeia,sem,mesmo_dia,ponto,sup,1.0,por_tipo,5,-1
ALT6,pos_colmeia,sem,mesmo_dia,ponto,sup,1.25,soma,4,-1
ALT6,pos_colmeia,sem,mesmo_dia,ponto,sup,1.25,por_tipo,4,-1
ALT2,normal,com,banda,ponto,na,0.75,soma,1,8
ALT2,normal,com,banda,ponto,na,1.0,soma,1,8
ALT2,normal,com,banda,ponto,na,1.25,soma,1,8
ALT2,normal,com,banda,ic_inf,na,0.75,soma,1,8
ALT2,normal,com,banda,ic_inf,na,1.0,soma,1,8
ALT2,normal,com,banda,ic_inf,na,1.25,soma,1,8
ALT2,normal,com,banda,ic_sup,na,0.75,soma,1,8
ALT2,normal,com,banda,ic_sup,na,1.0,soma,1,8
ALT2,normal,com,banda,ic_sup,na,1.25,soma,1,8
ALT2,normal,com,dia_real,ponto,na,0.75,soma,2,10
ALT2,normal,com,dia_real,ponto,na,1.0,soma,2,10
ALT2,normal,com,dia_real,ponto,na,1.25,soma,1,9
ALT2,normal,com,dia_real,ic_inf,na,0.75,soma,2,10
ALT2,normal,com,dia_real,ic_inf,na,1.0,soma,1,9
ALT2,normal,com,dia_real,ic_inf,na,1.25,soma,1,9
ALT2,normal,com,dia_real,ic_sup,na,0.75,soma,3,10
ALT2,normal,com,dia_real,ic_sup,na,1.0,soma,2,10
ALT2,normal,com,dia_real,ic_sup,na,1.25,soma,2,10
ALT2,normal,com,mesmo_dia,ponto,na,0.75,soma,2,-1
ALT2,normal,com,mesmo_dia,ponto,na,1.0,soma,2,-1
ALT2,normal,com,mesmo_dia,ponto,na,1.25,soma,1,-1
ALT3,normal,com,banda,ponto,inf,0.75,soma,1,8
ALT3,normal,com,banda,ponto,inf,0.75,por_tipo,2,8
ALT3,normal,com,banda,ponto,inf,1.0,soma,1,8
ALT3,normal,com,banda,ponto,inf,1.0,por_tipo,2,8
ALT3,normal,com,banda,ponto,inf,1.25,soma,1,8
ALT3,normal,com,banda,ponto,inf,1.25,por_tipo,2,8
ALT3,normal,com,banda,ponto,provavel,0.75,soma,1,8
ALT3,normal,com,banda,ponto,provavel,0.75,por_tipo,2,8
ALT3,normal,com,banda,ponto,provavel,1.0,soma,1,8
ALT3,normal,com,banda,ponto,provavel,1.0,por_tipo,2,8
ALT3,normal,com,banda,ponto,provavel,1.25,soma,1,8
ALT3,normal,com,banda,ponto,provavel,1.25,por_tipo,2,8
ALT3,normal,com,banda,ponto,sup,0.75,soma,1,8
ALT3,normal,com,banda,ponto,sup,0.75,por_tipo,2,8
ALT3,normal,com,banda,ponto,sup,1.0,soma,1,8
ALT3,normal,com,banda,ponto,sup,1.0,por_tipo,2,8
ALT3,normal,com,banda,ponto,sup,1.25,soma,1,8
ALT3,normal,com,banda,ponto,sup,1.25,por_tipo,2,8
ALT3,normal,com,banda,ic_inf,inf,0.75,soma,1,8
ALT3,normal,com,banda,ic_inf,inf,0.75,por_tipo,2,8
ALT3,normal,com,banda,ic_inf,inf,1.0,soma,1,8
ALT3,normal,com,banda,ic_inf,inf,1.0,por_tipo,2,8
ALT3,normal,com,banda,ic_inf,inf,1.25,soma,1,8
ALT3,normal,com,banda,ic_inf,inf,1.25,por_tipo,2,8
ALT3,normal,com,banda,ic_inf,provavel,0.75,soma,1,8
ALT3,normal,com,banda,ic_inf,provavel,0.75,por_tipo,2,8
ALT3,normal,com,banda,ic_inf,provavel,1.0,soma,1,8
ALT3,normal,com,banda,ic_inf,provavel,1.0,por_tipo,2,8
ALT3,normal,com,banda,ic_inf,provavel,1.25,soma,1,8
ALT3,normal,com,banda,ic_inf,provavel,1.25,por_tipo,2,8
ALT3,normal,com,banda,ic_inf,sup,0.75,soma,1,8
ALT3,normal,com,banda,ic_inf,sup,0.75,por_tipo,2,8
ALT3,normal,com,banda,ic_inf,sup,1.0,soma,1,8
ALT3,normal,com,banda,ic_inf,sup,1.0,por_tipo,2,8
ALT3,normal,com,banda,ic_inf,sup,1.25,soma,1,8
ALT3,normal,com,banda,ic_inf,sup,1.25,por_tipo,2,8
ALT3,normal,com,banda,ic_sup,inf,0.75,soma,1,8
ALT3,normal,com,banda,ic_sup,inf,0.75,por_tipo,2,8
ALT3,normal,com,banda,ic_sup,inf,1.0,soma,1,8
ALT3,normal,com,banda,ic_sup,inf,1.0,por_tipo,2,8
ALT3,normal,com,banda,ic_sup,inf,1.25,soma,1,8
ALT3,normal,com,banda,ic_sup,inf,1.25,por_tipo,2,8
ALT3,normal,com,banda,ic_sup,provavel,0.75,soma,1,8
ALT3,normal,com,banda,ic_sup,provavel,0.75,por_tipo,2,8
ALT3,normal,com,banda,ic_sup,provavel,1.0,soma,1,8
ALT3,normal,com,banda,ic_sup,provavel,1.0,por_tipo,2,8
ALT3,normal,com,banda,ic_sup,provavel,1.25,soma,1,8
ALT3,normal,com,banda,ic_sup,provavel,1.25,por_tipo,2,8
ALT3,normal,com,banda,ic_sup,sup,0.75,soma,1,8
ALT3,normal,com,banda,ic_sup,sup,0.75,por_tipo,2,8
ALT3,normal,com,banda,ic_sup,sup,1.0,soma,1,8
ALT3,normal,com,banda,ic_sup,sup,1.0,por_tipo,2,8
ALT3,normal,com,banda,ic_sup,sup,1.25,soma,1,8
ALT3,normal,com,banda,ic_sup,sup,1.25,por_tipo,2,8
ALT3,normal,com,dia_real,ponto,inf,0.75,soma,3,10
ALT3,normal,com,dia_real,ponto,inf,0.75,por_tipo,3,10
ALT3,normal,com,dia_real,ponto,inf,1.0,soma,2,10
ALT3,normal,com,dia_real,ponto,inf,1.0,por_tipo,3,10
ALT3,normal,com,dia_real,ponto,inf,1.25,soma,2,10
ALT3,normal,com,dia_real,ponto,inf,1.25,por_tipo,2,10
ALT3,normal,com,dia_real,ponto,provavel,0.75,soma,2,10
ALT3,normal,com,dia_real,ponto,provavel,0.75,por_tipo,3,10
ALT3,normal,com,dia_real,ponto,provavel,1.0,soma,2,10
ALT3,normal,com,dia_real,ponto,provavel,1.0,por_tipo,3,10
ALT3,normal,com,dia_real,ponto,provavel,1.25,soma,2,10
ALT3,normal,com,dia_real,ponto,provavel,1.25,por_tipo,2,10
ALT3,normal,com,dia_real,ponto,sup,0.75,soma,2,10
ALT3,normal,com,dia_real,ponto,sup,0.75,por_tipo,3,10
ALT3,normal,com,dia_real,ponto,sup,1.0,soma,2,10
ALT3,normal,com,dia_real,ponto,sup,1.0,por_tipo,3,10
ALT3,normal,com,dia_real,ponto,sup,1.25,soma,2,10
ALT3,normal,com,dia_real,ponto,sup,1.25,por_tipo,2,10
ALT3,normal,com,dia_real,ic_inf,inf,0.75,soma,2,10
ALT3,normal,com,dia_real,ic_inf,inf,0.75,por_tipo,3,10
ALT3,normal,com,dia_real,ic_inf,inf,1.0,soma,2,10
ALT3,normal,com,dia_real,ic_inf,inf,1.0,por_tipo,2,10
ALT3,normal,com,dia_real,ic_inf,inf,1.25,soma,2,10
ALT3,normal,com,dia_real,ic_inf,inf,1.25,por_tipo,2,10
ALT3,normal,com,dia_real,ic_inf,provavel,0.75,soma,2,10
ALT3,normal,com,dia_real,ic_inf,provavel,0.75,por_tipo,3,10
ALT3,normal,com,dia_real,ic_inf,provavel,1.0,soma,2,10
ALT3,normal,com,dia_real,ic_inf,provavel,1.0,por_tipo,2,10
ALT3,normal,com,dia_real,ic_inf,provavel,1.25,soma,1,8
ALT3,normal,com,dia_real,ic_inf,provavel,1.25,por_tipo,2,8
ALT3,normal,com,dia_real,ic_inf,sup,0.75,soma,2,10
ALT3,normal,com,dia_real,ic_inf,sup,0.75,por_tipo,3,10
ALT3,normal,com,dia_real,ic_inf,sup,1.0,soma,1,8
ALT3,normal,com,dia_real,ic_inf,sup,1.0,por_tipo,2,8
ALT3,normal,com,dia_real,ic_inf,sup,1.25,soma,1,8
ALT3,normal,com,dia_real,ic_inf,sup,1.25,por_tipo,2,8
ALT3,normal,com,dia_real,ic_sup,inf,0.75,soma,3,10
ALT3,normal,com,dia_real,ic_sup,inf,0.75,por_tipo,4,10
ALT3,normal,com,dia_real,ic_sup,inf,1.0,soma,3,10
ALT3,normal,com,dia_real,ic_sup,inf,1.0,por_tipo,3,10
ALT3,normal,com,dia_real,ic_sup,inf,1.25,soma,2,10
ALT3,normal,com,dia_real,ic_sup,inf,1.25,por_tipo,3,10
ALT3,normal,com,dia_real,ic_sup,provavel,0.75,soma,3,10
ALT3,normal,com,dia_real,ic_sup,provavel,0.75,por_tipo,4,10
ALT3,normal,com,dia_real,ic_sup,provavel,1.0,soma,2,10
ALT3,normal,com,dia_real,ic_sup,provavel,1.0,por_tipo,3,10
ALT3,normal,com,dia_real,ic_sup,provavel,1.25,soma,2,10
ALT3,normal,com,dia_real,ic_sup,provavel,1.25,por_tipo,3,10
ALT3,normal,com,dia_real,ic_sup,sup,0.75,soma,3,10
ALT3,normal,com,dia_real,ic_sup,sup,0.75,por_tipo,4,10
ALT3,normal,com,dia_real,ic_sup,sup,1.0,soma,2,10
ALT3,normal,com,dia_real,ic_sup,sup,1.0,por_tipo,3,10
ALT3,normal,com,dia_real,ic_sup,sup,1.25,soma,2,10
ALT3,normal,com,dia_real,ic_sup,sup,1.25,por_tipo,3,10
ALT3,normal,com,mesmo_dia,ponto,inf,0.75,soma,2,-1
ALT3,normal,com,mesmo_dia,ponto,inf,0.75,por_tipo,3,-1
ALT3,normal,com,mesmo_dia,ponto,inf,1.0,soma,2,-1
ALT3,normal,com,mesmo_dia,ponto,inf,1.0,por_tipo,3,-1
ALT3,normal,com,mesmo_dia,ponto,inf,1.25,soma,1,-1
ALT3,normal,com,mesmo_dia,ponto,inf,1.25,por_tipo,2,-1
ALT3,normal,com,mesmo_dia,ponto,provavel,0.75,soma,2,-1
ALT3,normal,com,mesmo_dia,ponto,provavel,0.75,por_tipo,3,-1
ALT3,normal,com,mesmo_dia,ponto,provavel,1.0,soma,2,-1
ALT3,normal,com,mesmo_dia,ponto,provavel,1.0,por_tipo,3,-1
ALT3,normal,com,mesmo_dia,ponto,provavel,1.25,soma,1,-1
ALT3,normal,com,mesmo_dia,ponto,provavel,1.25,por_tipo,2,-1
ALT3,normal,com,mesmo_dia,ponto,sup,0.75,soma,2,-1
ALT3,normal,com,mesmo_dia,ponto,sup,0.75,por_tipo,3,-1
ALT3,normal,com,mesmo_dia,ponto,sup,1.0,soma,2,-1
ALT3,normal,com,mesmo_dia,ponto,sup,1.0,por_tipo,3,-1
ALT3,normal,com,mesmo_dia,ponto,sup,1.25,soma,1,-1
ALT3,normal,com,mesmo_dia,ponto,sup,1.25,por_tipo,2,-1
ALT6,normal,com,banda,ponto,inf,0.75,soma,5,8
ALT6,normal,com,banda,ponto,inf,0.75,por_tipo,5,8
ALT6,normal,com,banda,ponto,inf,1.0,soma,4,8
ALT6,normal,com,banda,ponto,inf,1.0,por_tipo,4,8
ALT6,normal,com,banda,ponto,inf,1.25,soma,4,8
ALT6,normal,com,banda,ponto,inf,1.25,por_tipo,4,8
ALT6,normal,com,banda,ponto,provavel,0.75,soma,4,15
ALT6,normal,com,banda,ponto,provavel,0.75,por_tipo,5,15
ALT6,normal,com,banda,ponto,provavel,1.0,soma,3,8
ALT6,normal,com,banda,ponto,provavel,1.0,por_tipo,4,8
ALT6,normal,com,banda,ponto,provavel,1.25,soma,3,8
ALT6,normal,com,banda,ponto,provavel,1.25,por_tipo,3,8
ALT6,normal,com,banda,ponto,sup,0.75,soma,4,15
ALT6,normal,com,banda,ponto,sup,0.75,por_tipo,5,15
ALT6,normal,com,banda,ponto,sup,1.0,soma,3,8
ALT6,normal,com,banda,ponto,sup,1.0,por_tipo,4,8
ALT6,normal,com,banda,ponto,sup,1.25,soma,2,8
ALT6,normal,com,banda,ponto,sup,1.25,por_tipo,3,8
ALT6,normal,com,dia_real,ponto,inf,0.75,soma,6,15
ALT6,normal,com,dia_real,ponto,inf,0.75,por_tipo,6,15
ALT6,normal,com,dia_real,ponto,inf,1.0,soma,5,15
ALT6,normal,com,dia_real,ponto,inf,1.0,por_tipo,5,15
ALT6,normal,com,dia_real,ponto,inf,1.25,soma,4,12
ALT6,normal,com,dia_real,ponto,inf,1.25,por_tipo,5,12
ALT6,normal,com,dia_real,ponto,provavel,0.75,soma,6,15
ALT6,normal,com,dia_real,ponto,provavel,0.75,por_tipo,6,15
ALT6,normal,com,dia_real,ponto,provavel,1.0,soma,5,15
ALT6,normal,com,dia_real,ponto,provavel,1.0,por_tipo,5,15
ALT6,normal,com,dia_real,ponto,provavel,1.25,soma,4,15
ALT6,normal,com,dia_real,ponto,provavel,1.25,por_tipo,4,15
ALT6,normal,com,dia_real,ponto,sup,0.75,soma,6,15
ALT6,normal,com,dia_real,ponto,sup,0.75,por_tipo,6,15
ALT6,normal,com,dia_real,ponto,sup,1.0,soma,5,15
ALT6,normal,com,dia_real,ponto,sup,1.0,por_tipo,5,15
ALT6,normal,com,dia_real,ponto,sup,1.25,soma,4,15
ALT6,normal,com,dia_real,ponto,sup,1.25,por_tipo,4,15
ALT6,normal,com,mesmo_dia,ponto,inf,0.75,soma,6,-1
ALT6,normal,com,mesmo_dia,ponto,inf,0.75,por_tipo,7,-1
ALT6,normal,com,mesmo_dia,ponto,inf,1.0,soma,5,-1
ALT6,normal,com,mesmo_dia,ponto,inf,1.0,por_tipo,6,-1
ALT6,normal,com,mesmo_dia,ponto,inf,1.25,soma,4,-1
ALT6,normal,com,mesmo_dia,ponto,inf,1.25,por_tipo,5,-1
ALT6,normal,com,mesmo_dia,ponto,provavel,0.75,soma,6,-1
ALT6,normal,com,mesmo_dia,ponto,provavel,0.75,por_tipo,7,-1
ALT6,normal,com,mesmo_dia,ponto,provavel,1.0,soma,5,-1
ALT6,normal,com,mesmo_dia,ponto,provavel,1.0,por_tipo,6,-1
ALT6,normal,com,mesmo_dia,ponto,provavel,1.25,soma,4,-1
ALT6,normal,com,mesmo_dia,ponto,provavel,1.25,por_tipo,5,-1
ALT6,normal,com,mesmo_dia,ponto,sup,0.75,soma,6,-1
ALT6,normal,com,mesmo_dia,ponto,sup,0.75,por_tipo,7,-1
ALT6,normal,com,mesmo_dia,ponto,sup,1.0,soma,5,-1
ALT6,normal,com,mesmo_dia,ponto,sup,1.0,por_tipo,6,-1
ALT6,normal,com,mesmo_dia,ponto,sup,1.25,soma,4,-1
ALT6,normal,com,mesmo_dia,ponto,sup,1.25,por_tipo,5,-1
ALT2,normal,sem,banda,ponto,na,0.75,soma,1,8
ALT2,normal,sem,banda,ponto,na,1.0,soma,1,8
ALT2,normal,sem,banda,ponto,na,1.25,soma,1,8
ALT2,normal,sem,banda,ic_inf,na,0.75,soma,1,8
ALT2,normal,sem,banda,ic_inf,na,1.0,soma,1,8
ALT2,normal,sem,banda,ic_inf,na,1.25,soma,1,8
ALT2,normal,sem,banda,ic_sup,na,0.75,soma,1,8
ALT2,normal,sem,banda,ic_sup,na,1.0,soma,1,8
ALT2,normal,sem,banda,ic_sup,na,1.25,soma,1,8
ALT2,normal,sem,dia_real,ponto,na,0.75,soma,2,10
ALT2,normal,sem,dia_real,ponto,na,1.0,soma,2,10
ALT2,normal,sem,dia_real,ponto,na,1.25,soma,1,9
ALT2,normal,sem,dia_real,ic_inf,na,0.75,soma,2,10
ALT2,normal,sem,dia_real,ic_inf,na,1.0,soma,1,9
ALT2,normal,sem,dia_real,ic_inf,na,1.25,soma,1,9
ALT2,normal,sem,dia_real,ic_sup,na,0.75,soma,3,10
ALT2,normal,sem,dia_real,ic_sup,na,1.0,soma,2,10
ALT2,normal,sem,dia_real,ic_sup,na,1.25,soma,2,10
ALT2,normal,sem,mesmo_dia,ponto,na,0.75,soma,2,-1
ALT2,normal,sem,mesmo_dia,ponto,na,1.0,soma,2,-1
ALT2,normal,sem,mesmo_dia,ponto,na,1.25,soma,1,-1
ALT3,normal,sem,banda,ponto,inf,0.75,soma,1,8
ALT3,normal,sem,banda,ponto,inf,0.75,por_tipo,2,8
ALT3,normal,sem,banda,ponto,inf,1.0,soma,1,8
ALT3,normal,sem,banda,ponto,inf,1.0,por_tipo,2,8
ALT3,normal,sem,banda,ponto,inf,1.25,soma,1,8
ALT3,normal,sem,banda,ponto,inf,1.25,por_tipo,2,8
ALT3,normal,sem,banda,ponto,provavel,0.75,soma,1,8
ALT3,normal,sem,banda,ponto,provavel,0.75,por_tipo,2,8
ALT3,normal,sem,banda,ponto,provavel,1.0,soma,1,8
ALT3,normal,sem,banda,ponto,provavel,1.0,por_tipo,2,8
ALT3,normal,sem,banda,ponto,provavel,1.25,soma,1,8
ALT3,normal,sem,banda,ponto,provavel,1.25,por_tipo,2,8
ALT3,normal,sem,banda,ponto,sup,0.75,soma,1,8
ALT3,normal,sem,banda,ponto,sup,0.75,por_tipo,2,8
ALT3,normal,sem,banda,ponto,sup,1.0,soma,1,8
ALT3,normal,sem,banda,ponto,sup,1.0,por_tipo,2,8
ALT3,normal,sem,banda,ponto,sup,1.25,soma,1,8
ALT3,normal,sem,banda,ponto,sup,1.25,por_tipo,2,8
ALT3,normal,sem,banda,ic_inf,inf,0.75,soma,1,8
ALT3,normal,sem,banda,ic_inf,inf,0.75,por_tipo,2,8
ALT3,normal,sem,banda,ic_inf,inf,1.0,soma,1,8
ALT3,normal,sem,banda,ic_inf,inf,1.0,por_tipo,2,8
ALT3,normal,sem,banda,ic_inf,inf,1.25,soma,1,8
ALT3,normal,sem,banda,ic_inf,inf,1.25,por_tipo,2,8
ALT3,normal,sem,banda,ic_inf,provavel,0.75,soma,1,8
ALT3,normal,sem,banda,ic_inf,provavel,0.75,por_tipo,2,8
ALT3,normal,sem,banda,ic_inf,provavel,1.0,soma,1,8
ALT3,normal,sem,banda,ic_inf,provavel,1.0,por_tipo,2,8
ALT3,normal,sem,banda,ic_inf,provavel,1.25,soma,1,8
ALT3,normal,sem,banda,ic_inf,provavel,1.25,por_tipo,2,8
ALT3,normal,sem,banda,ic_inf,sup,0.75,soma,1,8
ALT3,normal,sem,banda,ic_inf,sup,0.75,por_tipo,2,8
ALT3,normal,sem,banda,ic_inf,sup,1.0,soma,1,8
ALT3,normal,sem,banda,ic_inf,sup,1.0,por_tipo,2,8
ALT3,normal,sem,banda,ic_inf,sup,1.25,soma,1,8
ALT3,normal,sem,banda,ic_inf,sup,1.25,por_tipo,2,8
ALT3,normal,sem,banda,ic_sup,inf,0.75,soma,1,8
ALT3,normal,sem,banda,ic_sup,inf,0.75,por_tipo,2,8
ALT3,normal,sem,banda,ic_sup,inf,1.0,soma,1,8
ALT3,normal,sem,banda,ic_sup,inf,1.0,por_tipo,2,8
ALT3,normal,sem,banda,ic_sup,inf,1.25,soma,1,8
ALT3,normal,sem,banda,ic_sup,inf,1.25,por_tipo,2,8
ALT3,normal,sem,banda,ic_sup,provavel,0.75,soma,1,8
ALT3,normal,sem,banda,ic_sup,provavel,0.75,por_tipo,2,8
ALT3,normal,sem,banda,ic_sup,provavel,1.0,soma,1,8
ALT3,normal,sem,banda,ic_sup,provavel,1.0,por_tipo,2,8
ALT3,normal,sem,banda,ic_sup,provavel,1.25,soma,1,8
ALT3,normal,sem,banda,ic_sup,provavel,1.25,por_tipo,2,8
ALT3,normal,sem,banda,ic_sup,sup,0.75,soma,1,8
ALT3,normal,sem,banda,ic_sup,sup,0.75,por_tipo,2,8
ALT3,normal,sem,banda,ic_sup,sup,1.0,soma,1,8
ALT3,normal,sem,banda,ic_sup,sup,1.0,por_tipo,2,8
ALT3,normal,sem,banda,ic_sup,sup,1.25,soma,1,8
ALT3,normal,sem,banda,ic_sup,sup,1.25,por_tipo,2,8
ALT3,normal,sem,dia_real,ponto,inf,0.75,soma,3,10
ALT3,normal,sem,dia_real,ponto,inf,0.75,por_tipo,3,10
ALT3,normal,sem,dia_real,ponto,inf,1.0,soma,2,10
ALT3,normal,sem,dia_real,ponto,inf,1.0,por_tipo,3,10
ALT3,normal,sem,dia_real,ponto,inf,1.25,soma,2,10
ALT3,normal,sem,dia_real,ponto,inf,1.25,por_tipo,2,10
ALT3,normal,sem,dia_real,ponto,provavel,0.75,soma,2,10
ALT3,normal,sem,dia_real,ponto,provavel,0.75,por_tipo,3,10
ALT3,normal,sem,dia_real,ponto,provavel,1.0,soma,2,10
ALT3,normal,sem,dia_real,ponto,provavel,1.0,por_tipo,3,10
ALT3,normal,sem,dia_real,ponto,provavel,1.25,soma,2,10
ALT3,normal,sem,dia_real,ponto,provavel,1.25,por_tipo,2,10
ALT3,normal,sem,dia_real,ponto,sup,0.75,soma,2,10
ALT3,normal,sem,dia_real,ponto,sup,0.75,por_tipo,3,10
ALT3,normal,sem,dia_real,ponto,sup,1.0,soma,2,10
ALT3,normal,sem,dia_real,ponto,sup,1.0,por_tipo,3,10
ALT3,normal,sem,dia_real,ponto,sup,1.25,soma,2,10
ALT3,normal,sem,dia_real,ponto,sup,1.25,por_tipo,2,10
ALT3,normal,sem,dia_real,ic_inf,inf,0.75,soma,2,10
ALT3,normal,sem,dia_real,ic_inf,inf,0.75,por_tipo,3,10
ALT3,normal,sem,dia_real,ic_inf,inf,1.0,soma,2,10
ALT3,normal,sem,dia_real,ic_inf,inf,1.0,por_tipo,2,10
ALT3,normal,sem,dia_real,ic_inf,inf,1.25,soma,2,10
ALT3,normal,sem,dia_real,ic_inf,inf,1.25,por_tipo,2,10
ALT3,normal,sem,dia_real,ic_inf,provavel,0.75,soma,2,10
ALT3,normal,sem,dia_real,ic_inf,provavel,0.75,por_tipo,3,10
ALT3,normal,sem,dia_real,ic_inf,provavel,1.0,soma,2,10
ALT3,normal,sem,dia_real,ic_inf,provavel,1.0,por_tipo,2,10
ALT3,normal,sem,dia_real,ic_inf,provavel,1.25,soma,1,9
ALT3,normal,sem,dia_real,ic_inf,provavel,1.25,por_tipo,2,9
ALT3,normal,sem,dia_real,ic_inf,sup,0.75,soma,2,10
ALT3,normal,sem,dia_real,ic_inf,sup,0.75,por_tipo,3,10
ALT3,normal,sem,dia_real,ic_inf,sup,1.0,soma,1,9
ALT3,normal,sem,dia_real,ic_inf,sup,1.0,por_tipo,2,9
ALT3,normal,sem,dia_real,ic_inf,sup,1.25,soma,1,9
ALT3,normal,sem,dia_real,ic_inf,sup,1.25,por_tipo,2,9
ALT3,normal,sem,dia_real,ic_sup,inf,0.75,soma,3,10
ALT3,normal,sem,dia_real,ic_sup,inf,0.75,por_tipo,4,10
ALT3,normal,sem,dia_real,ic_sup,inf,1.0,soma,3,10
ALT3,normal,sem,dia_real,ic_sup,inf,1.0,por_tipo,3,10
ALT3,normal,sem,dia_real,ic_sup,inf,1.25,soma,3,10
ALT3,normal,sem,dia_real,ic_sup,inf,1.25,por_tipo,3,10
ALT3,normal,sem,dia_real,ic_sup,provavel,0.75,soma,3,10
ALT3,normal,sem,dia_real,ic_sup,provavel,0.75,por_tipo,4,10
ALT3,normal,sem,dia_real,ic_sup,provavel,1.0,soma,3,10
ALT3,normal,sem,dia_real,ic_sup,provavel,1.0,por_tipo,3,10
ALT3,normal,sem,dia_real,ic_sup,provavel,1.25,soma,2,10
ALT3,normal,sem,dia_real,ic_sup,provavel,1.25,por_tipo,3,10
ALT3,normal,sem,dia_real,ic_sup,sup,0.75,soma,3,10
ALT3,normal,sem,dia_real,ic_sup,sup,0.75,por_tipo,4,10
ALT3,normal,sem,dia_real,ic_sup,sup,1.0,soma,2,10
ALT3,normal,sem,dia_real,ic_sup,sup,1.0,por_tipo,3,10
ALT3,normal,sem,dia_real,ic_sup,sup,1.25,soma,2,10
ALT3,normal,sem,dia_real,ic_sup,sup,1.25,por_tipo,3,10
ALT3,normal,sem,mesmo_dia,ponto,inf,0.75,soma,2,-1
ALT3,normal,sem,mesmo_dia,ponto,inf,0.75,por_tipo,3,-1
ALT3,normal,sem,mesmo_dia,ponto,inf,1.0,soma,2,-1
ALT3,normal,sem,mesmo_dia,ponto,inf,1.0,por_tipo,3,-1
ALT3,normal,sem,mesmo_dia,ponto,inf,1.25,soma,1,-1
ALT3,normal,sem,mesmo_dia,ponto,inf,1.25,por_tipo,2,-1
ALT3,normal,sem,mesmo_dia,ponto,provavel,0.75,soma,2,-1
ALT3,normal,sem,mesmo_dia,ponto,provavel,0.75,por_tipo,3,-1
ALT3,normal,sem,mesmo_dia,ponto,provavel,1.0,soma,2,-1
ALT3,normal,sem,mesmo_dia,ponto,provavel,1.0,por_tipo,3,-1
ALT3,normal,sem,mesmo_dia,ponto,provavel,1.25,soma,1,-1
ALT3,normal,sem,mesmo_dia,ponto,provavel,1.25,por_tipo,2,-1
ALT3,normal,sem,mesmo_dia,ponto,sup,0.75,soma,2,-1
ALT3,normal,sem,mesmo_dia,ponto,sup,0.75,por_tipo,3,-1
ALT3,normal,sem,mesmo_dia,ponto,sup,1.0,soma,2,-1
ALT3,normal,sem,mesmo_dia,ponto,sup,1.0,por_tipo,3,-1
ALT3,normal,sem,mesmo_dia,ponto,sup,1.25,soma,1,-1
ALT3,normal,sem,mesmo_dia,ponto,sup,1.25,por_tipo,2,-1
ALT6,normal,sem,banda,ponto,inf,0.75,soma,4,8
ALT6,normal,sem,banda,ponto,inf,0.75,por_tipo,5,8
ALT6,normal,sem,banda,ponto,inf,1.0,soma,3,8
ALT6,normal,sem,banda,ponto,inf,1.0,por_tipo,4,8
ALT6,normal,sem,banda,ponto,inf,1.25,soma,3,8
ALT6,normal,sem,banda,ponto,inf,1.25,por_tipo,4,8
ALT6,normal,sem,banda,ponto,provavel,0.75,soma,3,8
ALT6,normal,sem,banda,ponto,provavel,0.75,por_tipo,4,8
ALT6,normal,sem,banda,ponto,provavel,1.0,soma,3,8
ALT6,normal,sem,banda,ponto,provavel,1.0,por_tipo,3,8
ALT6,normal,sem,banda,ponto,provavel,1.25,soma,2,8
ALT6,normal,sem,banda,ponto,provavel,1.25,por_tipo,3,8
ALT6,normal,sem,banda,ponto,sup,0.75,soma,3,8
ALT6,normal,sem,banda,ponto,sup,0.75,por_tipo,4,8
ALT6,normal,sem,banda,ponto,sup,1.0,soma,3,11
ALT6,normal,sem,banda,ponto,sup,1.0,por_tipo,3,11
ALT6,normal,sem,banda,ponto,sup,1.25,soma,2,8
ALT6,normal,sem,banda,ponto,sup,1.25,por_tipo,3,8
ALT6,normal,sem,dia_real,ponto,inf,0.75,soma,6,8
ALT6,normal,sem,dia_real,ponto,inf,0.75,por_tipo,7,8
ALT6,normal,sem,dia_real,ponto,inf,1.0,soma,5,8
ALT6,normal,sem,dia_real,ponto,inf,1.0,por_tipo,6,8
ALT6,normal,sem,dia_real,ponto,inf,1.25,soma,5,9
ALT6,normal,sem,dia_real,ponto,inf,1.25,por_tipo,5,9
ALT6,normal,sem,dia_real,ponto,provavel,0.75,soma,6,9
ALT6,normal,sem,dia_real,ponto,provavel,0.75,por_tipo,6,9
ALT6,normal,sem,dia_real,ponto,provavel,1.0,soma,5,9
ALT6,normal,sem,dia_real,ponto,provavel,1.0,por_tipo,5,9
ALT6,normal,sem,dia_real,ponto,provavel,1.25,soma,4,9
ALT6,normal,sem,dia_real,ponto,provavel,1.25,por_tipo,4,9
ALT6,normal,sem,dia_real,ponto,sup,0.75,soma,5,9
ALT6,normal,sem,dia_real,ponto,sup,0.75,por_tipo,6,9
ALT6,normal,sem,dia_real,ponto,sup,1.0,soma,4,8
ALT6,normal,sem,dia_real,ponto,sup,1.0,por_tipo,5,8
ALT6,normal,sem,dia_real,ponto,sup,1.25,soma,4,9
ALT6,normal,sem,dia_real,ponto,sup,1.25,por_tipo,4,9
ALT6,normal,sem,mesmo_dia,ponto,inf,0.75,soma,5,-1
ALT6,normal,sem,mesmo_dia,ponto,inf,0.75,por_tipo,6,-1
ALT6,normal,sem,mesmo_dia,ponto,inf,1.0,soma,5,-1
ALT6,normal,sem,mesmo_dia,ponto,inf,1.0,por_tipo,5,-1
ALT6,normal,sem,mesmo_dia,ponto,inf,1.25,soma,4,-1
ALT6,normal,sem,mesmo_dia,ponto,inf,1.25,por_tipo,5,-1
ALT6,normal,sem,mesmo_dia,ponto,provavel,0.75,soma,5,-1
ALT6,normal,sem,mesmo_dia,ponto,provavel,0.75,por_tipo,6,-1
ALT6,normal,sem,mesmo_dia,ponto,provavel,1.0,soma,4,-1
ALT6,normal,sem,mesmo_dia,ponto,provavel,1.0,por_tipo,5,-1
ALT6,normal,sem,mesmo_dia,ponto,provavel,1.25,soma,3,-1
ALT6,normal,sem,mesmo_dia,ponto,provavel,1.25,por_tipo,4,-1
ALT6,normal,sem,mesmo_dia,ponto,sup,0.75,soma,5,-1
ALT6,normal,sem,mesmo_dia,ponto,sup,0.75,por_tipo,6,-1
ALT6,normal,sem,mesmo_dia,ponto,sup,1.0,soma,4,-1
ALT6,normal,sem,mesmo_dia,ponto,sup,1.0,por_tipo,5,-1
ALT6,normal,sem,mesmo_dia,ponto,sup,1.25,soma,3,-1
ALT6,normal,sem,mesmo_dia,ponto,sup,1.25,por_tipo,4,-1
