variante,dia,regra,tratamento,hora_extra_pessoas_hora,hora_extra_operadores,escala_ou_temporario_pessoas_hora,escala_ou_temporario_operadores,pessoas_hora_do_dia,pessoas_hora_do_dia_tipico,custo_hora_extra_e_temporario
estresse,p90,A: curva de separadores inteiros,manual,0.0,0,0.0,0,10.0,10.0,[●] (E11)
estresse,p90,A: curva de separadores inteiros,robo,0.0,0,0.0,0,10.0,10.0,[●] (E11)
estresse,p90,A: curva de separadores inteiros,robo_checkout_manual,0.0,0,0.0,0,10.0,10.0,[●] (E11)
estresse,p90,B: excedente de horas ativas (ANA-003),manual,2.3183368055555555,2,7.33,1,,,[●] (E11)
estresse,p90,B: excedente de horas ativas (ANA-003),robo,1.888346286043428,1,7.33,1,,,[●] (E11)
estresse,retomada,A: curva de separadores inteiros,manual,0.0,0,0.0,0,10.0,10.0,[●] (E11)
estresse,retomada,A: curva de separadores inteiros,robo,0.0,0,0.0,0,10.0,10.0,[●] (E11)
estresse,retomada,A: curva de separadores inteiros,robo_checkout_manual,0.0,0,0.0,0,10.0,10.0,[●] (E11)
estresse,retomada,B: excedente de horas ativas (ANA-003),manual,0.6668051697530868,1,7.33,1,,,[●] (E11)
estresse,retomada,B: excedente de horas ativas (ANA-003),robo,0.6668051697530868,1,7.33,1,,,[●] (E11)
estresse,dia_maximo,A: curva de separadores inteiros,manual,5.0,3,7.33,1,15.0,10.0,[●] (E11)
estresse,dia_maximo,A: curva de separadores inteiros,robo,3.0,2,0.0,0,13.0,10.0,[●] (E11)
estresse,dia_maximo,A: curva de separadores inteiros,robo_checkout_manual,3.0,2,0.0,0,13.0,10.0,[●] (E11)
estresse,dia_maximo,B: excedente de horas ativas (ANA-003),manual,7.2784409722222225,4,7.33,1,,,[●] (E11)
estresse,dia_maximo,B: excedente de horas ativas (ANA-003),robo,6.161163593530705,4,7.33,1,,,[●] (E11)
pos_colmeia,p90,A: curva de separadores inteiros,manual,0.0,0,0.0,0,10.0,10.0,[●] (E11)
pos_colmeia,p90,A: curva de separadores inteiros,robo,0.0,0,0.0,0,10.0,10.0,[●] (E11)
pos_colmeia,p90,A: curva de separadores inteiros,robo_checkout_manual,0.0,0,0.0,0,10.0,10.0,[●] (E11)
pos_colmeia,p90,B: excedente de horas ativas (ANA-003),manual,1.2041738683127572,1,7.33,1,,,[●] (E11)
pos_colmeia,p90,B: excedente de horas ativas (ANA-003),robo,1.1562507237404787,1,7.33,1,,,[●] (E11)
pos_colmeia,retomada,A: curva de separadores inteiros,manual,0.0,0,0.0,0,10.0,10.0,[●] (E11)
pos_colmeia,retomada,A: curva de separadores inteiros,robo,0.0,0,0.0,0,10.0,10.0,[●] (E11)
pos_colmeia,retomada,A: curva de separadores inteiros,robo_checkout_manual,0.0,0,0.0,0,10.0,10.0,[●] (E11)
pos_colmeia,retomada,B: excedente de horas ativas (ANA-003),manual,1.2692344743733637,1,7.33,1,,,[●] (E11)
pos_colmeia,retomada,B: excedente de horas ativas (ANA-003),robo,1.2355426426048068,1,7.33,1,,,[●] (E11)
pos_colmeia,dia_maximo,A: curva de separadores inteiros,manual,2.0,1,7.33,1,12.0,10.0,[●] (E11)
pos_colmeia,dia_maximo,A: curva de separadores inteiros,robo,2.0,1,7.33,1,12.0,10.0,[●] (E11)
pos_colmeia,dia_maximo,A: curva de separadores inteiros,robo_checkout_manual,2.0,1,7.33,1,12.0,10.0,[●] (E11)
pos_colmeia,dia_maximo,B: excedente de horas ativas (ANA-003),manual,6.15400720164609,4,7.33,1,,,[●] (E11)
pos_colmeia,dia_maximo,B: excedente de horas ativas (ANA-003),robo,5.184329504409594,3,7.33,1,,,[●] (E11)
normal,p90,A: curva de separadores inteiros,manual,0.0,0,0.0,0,10.0,10.0,[●] (E11)
normal,p90,A: curva de separadores inteiros,robo,0.0,0,0.0,0,10.0,10.0,[●] (E11)
normal,p90,A: curva de separadores inteiros,robo_checkout_manual,0.0,0,0.0,0,10.0,10.0,[●] (E11)
normal,p90,B: excedente de horas ativas (ANA-003),manual,0.8162134502923983,1,7.33,1,,,[●] (E11)
normal,p90,B: excedente de horas ativas (ANA-003),robo,0.8162134502923983,1,7.33,1,,,[●] (E11)
normal,retomada,A: curva de separadores inteiros,manual,0.0,0,0.0,0,10.0,10.0,[●] (E11)
normal,retomada,A: curva de separadores inteiros,robo,0.0,0,0.0,0,10.0,10.0,[●] (E11)
normal,retomada,A: curva de separadores inteiros,robo_checkout_manual,0.0,0,0.0,0,10.0,10.0,[●] (E11)
normal,retomada,B: excedente de horas ativas (ANA-003),manual,1.2199634502923984,1,7.33,1,,,[●] (E11)
normal,retomada,B: excedente de horas ativas (ANA-003),robo,1.2199634502923984,1,7.33,1,,,[●] (E11)
normal,dia_maximo,A: curva de separadores inteiros,manual,0.0,0,0.0,0,9.0,10.0,[●] (E11)
normal,dia_maximo,A: curva de separadores inteiros,robo,0.0,0,0.0,0,9.0,10.0,[●] (E11)
normal,dia_maximo,A: curva de separadores inteiros,robo_checkout_manual,0.0,0,0.0,0,9.0,10.0,[●] (E11)
normal,dia_maximo,B: excedente de horas ativas (ANA-003),manual,2.6009356725146207,2,7.33,1,,,[●] (E11)
normal,dia_maximo,B: excedente de horas ativas (ANA-003),robo,2.6009356725146207,2,7.33,1,,,[●] (E11)
