cenario,serie,mes,taxa_constante_dia,taxa_tendencia_dia,dias_uteis,volume_constante,volume_tendencia,volume_inferior,volume_superior,tipo_faixa,tendencia_ic_inf_volume,tendencia_ic_sup_volume
normal,pedidos_checkout_rc,1,52.36842105263158,52.36842105263158,19,995.0000000000001,995.0000000000001,996.0451680672268,1123.8977272727275,intervalo_previsao,,
normal,pedidos_checkout_rc,2,52.36842105263158,54.421933132294164,18,942.6315789473684,979.5947963812949,942.6315789473684,979.5947963812949,faixa_cenarios,855.5432193205402,1103.6463734420495
normal,pedidos_checkout_rc,3,52.36842105263158,56.47544521195674,20,1047.3684210526317,1129.5089042391348,1047.3684210526317,1129.5089042391348,faixa_cenarios,853.8387329930133,1405.1790754852564
estresse,pedidos_checkout_rc,1,44.277777777777786,44.277777777777786,19,841.2777777777779,841.2777777777779,756.3433602807546,950.2614898989901,intervalo_previsao,,
estresse,pedidos_checkout_rc,2,44.277777777777786,39.69235967398493,18,797.0000000000001,714.4624741317288,714.4624741317288,797.0000000000001,faixa_cenarios,515.4626414301143,913.4623068333432
estresse,pedidos_checkout_rc,3,44.277777777777786,35.10694157019208,20,885.5555555555557,702.1388314038416,702.1388314038416,885.5555555555557,faixa_cenarios,259.9169809558094,1144.3606818518738
normal,linhas_tarif_pap_rc,1,75.94736842105264,75.94736842105264,19,1443.0000000000002,1443.0000000000002,669.2842862854857,1889.518148820327,intervalo_previsao,,
normal,linhas_tarif_pap_rc,2,75.94736842105264,56.853283770666565,18,1367.0526315789475,1023.3591078719982,1023.3591078719982,1367.0526315789475,faixa_cenarios,568.1281952259718,1478.5900205180246
normal,linhas_tarif_pap_rc,3,75.94736842105264,37.759199120280485,20,1518.947368421053,755.1839824056096,755.1839824056096,1518.947368421053,faixa_cenarios,0.0,1766.8082327301124
estresse,linhas_tarif_pap_rc,1,52.0,52.0,19,988.0,988.0,458.24870051979195,1293.7241379310344,intervalo_previsao,,
estresse,linhas_tarif_pap_rc,2,52.0,27.1785891705811,18,936.0,489.21460507045975,489.21460507045975,936.0,faixa_cenarios,73.91793983914764,904.5112703017719
estresse,linhas_tarif_pap_rc,3,52.0,2.3571783411621965,20,1040.0,47.14356682324393,47.14356682324393,1040.0,faixa_cenarios,0.0,970.0250451150487
normal,linhas_op_pap_rc,1,75.26315789473684,75.26315789473684,19,1429.9999999999998,1429.9999999999998,667.5579112681587,1810.3669602939217,intervalo_previsao,,
normal,linhas_op_pap_rc,2,75.26315789473684,55.13446499148413,18,1354.7368421052631,992.4203698467144,992.4203698467144,1354.7368421052631,faixa_cenarios,529.0203588679906,1455.8203808254382
normal,linhas_op_pap_rc,3,75.26315789473684,35.005772088231424,20,1505.2631578947367,700.1154417646285,700.1154417646285,1505.2631578947367,faixa_cenarios,0.0,1729.8932439395703
estresse,linhas_op_pap_rc,1,51.38888888888889,51.38888888888889,19,976.3888888888889,976.3888888888889,455.8014875888847,1236.0994299598167,intervalo_previsao,,
estresse,linhas_op_pap_rc,2,51.38888888888889,25.661618570607505,18,925.0000000000001,461.9091342709351,461.9091342709351,925.0000000000001,faixa_cenarios,40.90038271614594,882.9178858257243
estresse,linhas_op_pap_rc,3,51.38888888888889,0.0,20,1027.7777777777778,0.0,0.0,1027.7777777777778,faixa_cenarios,0.0,934.2619685016093
normal,linhas_armazem,1,1283.7368421052631,1283.7368421052631,19,24391.0,24391.0,23140.29848261427,32082.19127575882,intervalo_previsao,,
normal,linhas_armazem,2,1283.7368421052631,1399.614744160722,18,23107.263157894737,25193.065394892998,23107.263157894737,25193.065394892998,faixa_cenarios,22007.639287862432,28378.49150192356
normal,linhas_armazem,3,1283.7368421052631,1515.492646216181,20,25674.736842105263,30309.85292432362,25674.736842105263,30309.85292432362,faixa_cenarios,23231.128242033483,37388.577606613755
estresse,linhas_armazem,1,1317.2777777777778,1317.2777777777778,19,25028.277777777777,25028.277777777777,23744.898457773754,32920.42126069003,intervalo_previsao,,
estresse,linhas_armazem,2,1317.2777777777778,1404.8203548378679,18,23711.0,25286.76638708162,23711.0,25286.76638708162,faixa_cenarios,22453.547864008662,28119.98491015458
estresse,linhas_armazem,3,1317.2777777777778,1492.362931897958,20,26345.555555555555,29847.258637959163,26345.555555555555,29847.258637959163,faixa_cenarios,23551.21747557481,36143.29980034351
normal,pedidos_pap_rc,1,38.10526315789475,38.10526315789475,19,724.0000000000002,724.0000000000002,312.01213960546283,971.4158636026692,intervalo_previsao,,
normal,pedidos_pap_rc,2,38.10526315789475,28.975708157697106,18,685.8947368421054,521.5627468385479,521.5627468385479,685.8947368421054,faixa_cenarios,283.99232753087756,759.1331661462182
normal,pedidos_pap_rc,3,38.10526315789475,19.846153157499465,20,762.1052631578949,396.9230631499893,396.9230631499893,762.1052631578949,faixa_cenarios,0.0,924.8573282781456
estresse,pedidos_pap_rc,1,25.611111111111107,25.611111111111107,19,486.61111111111103,486.61111111111103,209.70797504636644,652.9029733959312,intervalo_previsao,,
estresse,pedidos_pap_rc,2,25.611111111111107,13.633388602194742,18,460.99999999999994,245.40099483950536,245.40099483950536,460.99999999999994,faixa_cenarios,32.00110986083627,458.80087981817445
estresse,pedidos_pap_rc,3,25.611111111111107,1.655666093278377,20,512.2222222222222,33.11332186556754,33.11332186556754,512.2222222222222,faixa_cenarios,0.0,507.3352884848322
normal,linhas_tarif_end_pap_rc,1,75.26315789473684,75.26315789473684,19,1429.9999999999998,1429.9999999999998,668.8346456692913,1811.8908382066272,intervalo_previsao,,
normal,linhas_tarif_end_pap_rc,2,75.26315789473684,55.15289571918729,18,1354.7368421052631,992.7521229453713,992.7521229453713,1354.7368421052631,faixa_cenarios,528.4578503267672,1457.0463955639752
normal,linhas_tarif_end_pap_rc,3,75.26315789473684,35.04263354363775,20,1505.2631578947367,700.852670872755,700.852670872755,1505.2631578947367,faixa_cenarios,0.0,1732.6177211363192
estresse,linhas_tarif_end_pap_rc,1,51.38888888888889,51.38888888888889,19,976.3888888888889,976.3888888888889,456.67322834645677,1237.139917695473,intervalo_previsao,,
estresse,linhas_tarif_end_pap_rc,2,51.38888888888889,25.685854567623007,18,925.0000000000001,462.34538221721414,462.34538221721414,925.0000000000001,faixa_cenarios,40.62257346187933,884.0681909725489
estresse,linhas_tarif_end_pap_rc,3,51.38888888888889,0.0,20,1027.7777777777778,0.0,0.0,1027.7777777777778,faixa_cenarios,0.0,936.8182021612197
normal,linhas_tarif_checkout_rc,1,52.36842105263158,52.36842105263158,19,995.0000000000001,995.0000000000001,996.0451680672268,1123.8977272727275,intervalo_previsao,,
normal,linhas_tarif_checkout_rc,2,52.36842105263158,54.421933132294164,18,942.6315789473684,979.5947963812949,942.6315789473684,979.5947963812949,faixa_cenarios,855.5432193205402,1103.6463734420495
normal,linhas_tarif_checkout_rc,3,52.36842105263158,56.47544521195674,20,1047.3684210526317,1129.5089042391348,1047.3684210526317,1129.5089042391348,faixa_cenarios,853.8387329930133,1405.1790754852564
estresse,linhas_tarif_checkout_rc,1,44.277777777777786,44.277777777777786,19,841.2777777777779,841.2777777777779,756.3433602807546,950.2614898989901,intervalo_previsao,,
estresse,linhas_tarif_checkout_rc,2,44.277777777777786,39.69235967398493,18,797.0000000000001,714.4624741317288,714.4624741317288,797.0000000000001,faixa_cenarios,515.4626414301143,913.4623068333432
estresse,linhas_tarif_checkout_rc,3,44.277777777777786,35.10694157019208,20,885.5555555555557,702.1388314038416,702.1388314038416,885.5555555555557,faixa_cenarios,259.9169809558094,1144.3606818518738
normal,linhas_tarif_end_checkout_rc,1,52.36842105263158,52.36842105263158,19,995.0000000000001,995.0000000000001,996.0451680672268,1123.8977272727275,intervalo_previsao,,
normal,linhas_tarif_end_checkout_rc,2,52.36842105263158,54.421933132294164,18,942.6315789473684,979.5947963812949,942.6315789473684,979.5947963812949,faixa_cenarios,855.5432193205402,1103.6463734420495
normal,linhas_tarif_end_checkout_rc,3,52.36842105263158,56.47544521195674,20,1047.3684210526317,1129.5089042391348,1047.3684210526317,1129.5089042391348,faixa_cenarios,853.8387329930133,1405.1790754852564
estresse,linhas_tarif_end_checkout_rc,1,44.277777777777786,44.277777777777786,19,841.2777777777779,841.2777777777779,756.3433602807546,950.2614898989901,intervalo_previsao,,
estresse,linhas_tarif_end_checkout_rc,2,44.277777777777786,39.69235967398493,18,797.0000000000001,714.4624741317288,714.4624741317288,797.0000000000001,faixa_cenarios,515.4626414301143,913.4623068333432
estresse,linhas_tarif_end_checkout_rc,3,44.277777777777786,35.10694157019208,20,885.5555555555557,702.1388314038416,702.1388314038416,885.5555555555557,faixa_cenarios,259.9169809558094,1144.3606818518738
normal,pedidos_colmeia_rc,1,60.578947368421055,60.578947368421055,19,1151.0,1151.0,1076.3352990732942,1997.4178272980507,intervalo_previsao,,
normal,pedidos_colmeia_rc,2,60.578947368421055,67.62778697266657,18,1090.421052631579,1217.3001655079984,1090.421052631579,1217.3001655079984,faixa_cenarios,1034.3956467624962,1400.2046842534999
normal,pedidos_colmeia_rc,3,60.578947368421055,74.67662657691207,20,1211.578947368421,1493.5325315382415,1211.578947368421,1493.5325315382415,faixa_cenarios,1087.0780454371263,1899.987017639357
estresse,pedidos_colmeia_rc,1,54.33333333333334,54.33333333333334,19,1032.3333333333335,1032.3333333333335,953.1029925422451,1791.4865366759525,intervalo_previsao,,
estresse,pedidos_colmeia_rc,2,54.33333333333334,52.803303705948615,18,978.0000000000002,950.4594667070751,950.4594667070751,978.0000000000002,faixa_cenarios,681.3402934060954,1219.5786400080551
estresse,pedidos_colmeia_rc,3,54.33333333333334,51.273274078563894,20,1086.666666666667,1025.465481571278,1025.465481571278,1086.666666666667,faixa_cenarios,427.42287423576715,1623.5080889067888
normal,linhas_tarif_colmeia_rc,1,121.73684210526318,121.73684210526318,19,2313.0000000000005,2313.0000000000005,2211.3953488372103,3997.9992947813816,intervalo_previsao,,
normal,linhas_tarif_colmeia_rc,2,121.73684210526318,136.48454525299474,18,2191.263157894737,2456.7218145539055,2191.263157894737,2456.7218145539055,faixa_cenarios,2094.408736988269,2819.034892119541
normal,linhas_tarif_colmeia_rc,3,121.73684210526318,151.23224840072626,20,2434.7368421052633,3024.644968014525,2434.7368421052633,3024.644968014525,faixa_cenarios,2219.504795646445,3829.7851403826053
estresse,linhas_tarif_colmeia_rc,1,109.38888888888887,109.38888888888887,19,2078.3888888888887,2078.3888888888887,1949.8512112741673,3592.4761401034307,intervalo_previsao,,
estresse,linhas_tarif_colmeia_rc,2,109.38888888888887,106.96720104089805,18,1968.9999999999998,1925.409618736165,1925.409618736165,1968.9999999999998,faixa_cenarios,1388.5123631096667,2462.306874362663
estresse,linhas_tarif_colmeia_rc,3,109.38888888888887,104.54551319290721,20,2187.7777777777774,2090.9102638581444,2090.9102638581444,2187.7777777777774,faixa_cenarios,897.805251354815,3284.0152763614738
normal,linhas_tarif_end_colmeia_rc,1,123.42105263157892,123.42105263157892,19,2344.9999999999995,2344.9999999999995,2240.9759188846638,4048.2446440912236,intervalo_previsao,,
normal,linhas_tarif_end_colmeia_rc,2,123.42105263157892,138.14018931220457,18,2221.5789473684204,2486.523407619682,2221.5789473684204,2486.523407619682,faixa_cenarios,2117.485257146979,2855.5615580923854
normal,linhas_tarif_end_colmeia_rc,3,123.42105263157892,152.85932599283024,20,2468.4210526315783,3057.1865198566047,2468.4210526315783,3057.1865198566047,faixa_cenarios,2237.1017410283757,3877.271298684834
estresse,linhas_tarif_end_colmeia_rc,1,110.88888888888887,110.88888888888887,19,2106.8888888888887,2106.8888888888887,1963.2820832036516,3637.1862090148206,intervalo_previsao,,
estresse,linhas_tarif_end_colmeia_rc,2,110.88888888888887,108.19295265463892,18,1995.9999999999998,1947.4731477835005,1947.4731477835005,1995.9999999999998,faixa_cenarios,1402.3962676291371,2492.550027937864
estresse,linhas_tarif_end_colmeia_rc,3,110.88888888888887,105.49701642038897,20,2217.7777777777774,2109.9403284077794,2109.9403284077794,2217.7777777777774,faixa_cenarios,898.6583725091939,3321.2222843063646
