serie,candidato,mae_dia,mae_base_dia,ganho_vs_base,melhor_que_base,mae_rel,origens_melhor_que_base,origens,erro_abs_min,erro_abs_max,variante
pedidos_checkout_rc,media_4s,3.2778265107212454,3.2778265107212454,0.0,False,0.07011759117512174,0,6,0.04999999999999005,5.700000000000003,base
pedidos_checkout_rc,media_8s,5.548460606355342,3.2778265107212454,-0.6927255265668322,False,0.12682225483315143,1,6,2.99722222222222,7.889189189189182,base
pedidos_checkout_rc,historia,5.681515861949705,3.2778265107212454,-0.7333180518756488,False,0.13204842364446762,1,6,0.10035842293907393,7.889189189189182,base
pedidos_checkout_rc,regressao,3.0567781334875903,3.2778265107212454,0.06743748533079508,True,0.060396669953895116,3,6,1.1005328193348944,5.48977016859444,base
pedidos_checkout_rc,media_2s,2.6199805068226083,3.2778265107212454,0.20069579697001294,True,0.056942631882175306,3,6,0.14999999999999147,7.6499999999999915,base
pedidos_checkout_rc,media_6s,4.147270955165695,3.2778265107212454,-0.26525029363227004,False,0.09382240975812077,2,6,2.0596491228070093,7.300000000000011,base
linhas_tarif_pap_rc,media_4s,21.692105263157902,21.692105263157902,0.0,False,0.24211528405989155,0,6,0.5500000000000114,67.05000000000003,base
linhas_tarif_pap_rc,media_8s,53.45067020461756,21.692105263157902,-1.464060982379554,False,0.4041932833727611,1,6,15.57763157894739,111.72972972972971,base
linhas_tarif_pap_rc,historia,76.95515524493779,21.692105263157902,-2.547611184408146,False,0.5265631330623749,0,6,54.57894736842104,111.72972972972971,base
linhas_tarif_pap_rc,regressao,56.837707625468255,21.692105263157902,-1.6202024624139182,False,9.239085246229708,1,6,27.419873366011046,72.63487350918054,base
linhas_tarif_pap_rc,media_2s,17.04210526315789,21.692105263157902,0.2143637025354852,True,0.2498476820093182,3,6,7.905263157894737,27.200000000000017,base
linhas_tarif_pap_rc,media_6s,34.24590643274854,21.692105263157902,-0.5787267310984401,False,0.29311923764854547,3,6,5.094736842105263,94.69999999999996,base
linhas_op_pap_rc,media_4s,21.565886939571154,21.565886939571154,0.0,False,0.23415699107457813,0,6,0.05000000000001137,67.89999999999998,base
linhas_op_pap_rc,media_8s,55.210223786539565,21.565886939571154,-1.5600720221357816,False,0.41330988232697424,0,6,18.136842105263185,113.17162162162161,base
linhas_op_pap_rc,historia,79.19976561534737,21.565886939571154,-2.6724557555768347,False,0.5332360754719451,0,6,57.64912280701755,113.17162162162161,base
linhas_op_pap_rc,regressao,56.97024777420956,21.565886939571154,-1.6416835038523314,False,8.794292959823556,1,6,29.05427170868132,71.71249605670369,base
linhas_op_pap_rc,media_2s,16.407553606237816,21.565886939571154,0.23918948234252002,True,0.23632005113817775,3,6,7.121052631578948,25.811111111111117,base
linhas_op_pap_rc,media_6s,35.00053606237816,21.565886939571154,-0.6229583397358829,False,0.29498899965286335,3,6,5.812280701754389,95.58333333333333,base
linhas_armazem,media_4s,152.8813840155946,152.8813840155946,0.0,False,0.1571788766204927,0,6,18.2736842105262,268.55000000000007,base
linhas_armazem,media_8s,166.77786703707764,152.8813840155946,-0.09089715605966475,False,0.16849377685506384,3,6,10.275000000000205,319.6777777777779,base
linhas_armazem,historia,140.6579018841074,152.8813840155946,0.0799540258625625,True,0.13592348176976654,2,6,61.70445344129553,279.82616487455175,base
linhas_armazem,regressao,344.1885819853483,152.8813840155946,-1.251343969716022,False,0.5110805981278163,1,6,19.478423164136984,635.202057072791,base
linhas_armazem,media_2s,267.5901559454191,152.8813840155946,-0.7503122284536861,False,0.2731708950834799,1,6,143.2263157894738,401.07777777777767,base
linhas_armazem,media_6s,179.79249512670563,152.8813840155946,-0.17602608247166307,False,0.18614696033455932,2,6,1.816666666666606,275.7444444444445,base
pedidos_pap_rc,media_4s,12.155165692007804,12.155165692007804,0.0,False,0.26630124262205496,0,6,1.3500000000000085,37.50000000000002,base
pedidos_pap_rc,media_8s,29.083562459220364,12.155165692007804,-1.392691568025537,False,0.4252562266346305,1,6,9.044736842105259,59.62702702702705,base
pedidos_pap_rc,historia,41.053872123376884,12.155165692007804,-2.377483545976703,False,0.5433175635893351,0,6,29.000000000000014,59.62702702702705,base
pedidos_pap_rc,regressao,28.36187603137743,12.155165692007804,-1.3333187510578957,False,12.43521457061253,1,6,12.119018440708643,37.02132688158971,base
pedidos_pap_rc,media_2s,9.071832358674463,12.155165692007804,0.2536644428763877,True,0.2708652472947633,2,6,1.0499999999999972,13.788888888888888,base
pedidos_pap_rc,media_6s,19.070662768031198,12.155165692007804,-0.5689348258387323,False,0.3144664103215818,3,6,2.229824561403518,51.00000000000002,base
linhas_tarif_end_pap_rc,media_4s,21.515886939571146,21.515886939571146,0.0,False,0.23423775484596857,0,6,0.15000000000000568,67.6,base
linhas_tarif_end_pap_rc,media_8s,55.02828222959803,21.515886939571146,-1.5575651324134934,False,0.41235823527191645,0,6,17.936842105263167,113.05945945945948,base
linhas_tarif_end_pap_rc,historia,79.06675051084618,21.515886939571146,-2.6748078632738035,False,0.5328366228715168,0,6,57.52631578947366,113.05945945945948,base
linhas_tarif_end_pap_rc,regressao,57.16764103923973,21.515886939571146,-1.6569967205999454,False,8.98134717084748,1,6,29.53876050419957,71.77972547014448,base
linhas_tarif_end_pap_rc,media_2s,16.39922027290448,21.515886939571146,0.23780877270071077,True,0.23660522292265304,3,6,7.121052631578948,25.811111111111117,base
linhas_tarif_end_pap_rc,media_6s,34.85331384015593,21.515886939571146,-0.6198873854488949,False,0.2944232263379921,3,6,5.678947368421035,95.29999999999995,base
linhas_tarif_checkout_rc,media_4s,3.2778265107212454,3.2778265107212454,0.0,False,0.07011759117512174,0,6,0.04999999999999005,5.700000000000003,base
linhas_tarif_checkout_rc,media_8s,5.548460606355342,3.2778265107212454,-0.6927255265668322,False,0.12682225483315143,1,6,2.99722222222222,7.889189189189182,base
linhas_tarif_checkout_rc,historia,5.681515861949705,3.2778265107212454,-0.7333180518756488,False,0.13204842364446762,1,6,0.10035842293907393,7.889189189189182,base
linhas_tarif_checkout_rc,regressao,3.0567781334875903,3.2778265107212454,0.06743748533079508,True,0.060396669953895116,3,6,1.1005328193348944,5.48977016859444,base
linhas_tarif_checkout_rc,media_2s,2.6199805068226083,3.2778265107212454,0.20069579697001294,True,0.056942631882175306,3,6,0.14999999999999147,7.6499999999999915,base
linhas_tarif_checkout_rc,media_6s,4.147270955165695,3.2778265107212454,-0.26525029363227004,False,0.09382240975812077,2,6,2.0596491228070093,7.300000000000011,base
linhas_tarif_end_checkout_rc,media_4s,3.2778265107212454,3.2778265107212454,0.0,False,0.07011759117512174,0,6,0.04999999999999005,5.700000000000003,base
linhas_tarif_end_checkout_rc,media_8s,5.548460606355342,3.2778265107212454,-0.6927255265668322,False,0.12682225483315143,1,6,2.99722222222222,7.889189189189182,base
linhas_tarif_end_checkout_rc,historia,5.681515861949705,3.2778265107212454,-0.7333180518756488,False,0.13204842364446762,1,6,0.10035842293907393,7.889189189189182,base
linhas_tarif_end_checkout_rc,regressao,3.0567781334875903,3.2778265107212454,0.06743748533079508,True,0.060396669953895116,3,6,1.1005328193348944,5.48977016859444,base
linhas_tarif_end_checkout_rc,media_2s,2.6199805068226083,3.2778265107212454,0.20069579697001294,True,0.056942631882175306,3,6,0.14999999999999147,7.6499999999999915,base
linhas_tarif_end_checkout_rc,media_6s,4.147270955165695,3.2778265107212454,-0.26525029363227004,False,0.09382240975812077,2,6,2.0596491228070093,7.300000000000011,base
pedidos_colmeia_rc,media_4s,8.258918128654967,8.258918128654967,0.0,False,0.19450753880037822,0,6,1.7210526315789352,26.400000000000006,base
pedidos_colmeia_rc,media_8s,21.43345020121336,8.258918128654967,-1.5951886030748166,False,0.8205040411508756,1,6,0.9083333333333456,42.89459459459459,base
pedidos_colmeia_rc,historia,29.761305803318947,8.258918128654967,-2.6035356374413925,False,1.1505756217272116,0,6,19.865591397849457,42.89459459459459,base
pedidos_colmeia_rc,regressao,28.358111644471972,8.258918128654967,-2.433635156895583,False,0.32072788107020606,1,6,13.644257703082005,36.68580027781285,base
pedidos_colmeia_rc,media_2s,7.05336257309941,8.258918128654967,0.1459701545378913,True,0.12270536609128886,2,6,2.721052631578935,12.61578947368421,base
pedidos_colmeia_rc,media_6s,13.514766081871349,8.258918128654967,-0.636384556832063,False,0.4629573657462344,2,6,0.08771929824561653,38.36666666666666,base
linhas_tarif_colmeia_rc,media_4s,14.940448343079913,14.940448343079913,0.0,False,0.18333216175760028,0,6,0.8131578947368467,51.64999999999998,base
linhas_tarif_colmeia_rc,media_8s,43.69620273107116,14.940448343079913,-1.9246915305128898,False,0.8382815362581169,1,6,4.063888888888883,84.22567567567566,base
linhas_tarif_colmeia_rc,historia,60.10931052574569,14.940448343079913,-3.023260155615544,False,1.1742543694577303,0,6,41.43727598566308,84.22567567567566,base
linhas_tarif_colmeia_rc,regressao,54.0068883496522,14.940448343079913,-2.614810419974244,False,0.31055996001892244,1,6,26.814945144726025,70.5036193964765,base
linhas_tarif_colmeia_rc,media_2s,14.061744639376215,14.940448343079913,0.05881374397380079,True,0.126637044920778,2,6,2.6631578947368553,24.26842105263158,base
linhas_tarif_colmeia_rc,media_6s,27.36603313840156,14.940448343079913,-0.8316741579630642,False,0.4706065968424054,1,6,1.0111111111111342,75.28333333333333,base
linhas_tarif_end_colmeia_rc,media_4s,15.500536062378172,15.500536062378172,0.0,False,0.1855189424960425,0,6,1.4789473684210748,52.550000000000026,base
linhas_tarif_end_colmeia_rc,media_8s,44.33529207344997,15.500536062378172,-1.8602425035517012,False,0.8366202223543316,1,6,3.5388888888889056,85.7918918918919,base
linhas_tarif_end_colmeia_rc,historia,61.06173728473062,15.500536062378172,-2.9393306811456306,False,1.1716338402671587,0,6,41.63082437275985,85.7918918918919,base
linhas_tarif_end_colmeia_rc,regressao,55.247602992265136,15.500536062378172,-2.5642382153710344,False,0.3116791320835594,1,6,27.572041316527958,71.80186638758059,base
linhas_tarif_end_colmeia_rc,media_2s,14.388499025341114,15.500536062378172,0.0717418438021713,True,0.12683639840710398,2,6,3.678947368421035,24.963157894736796,base
linhas_tarif_end_colmeia_rc,media_6s,27.87816764132553,15.500536062378172,-0.7985292591905571,False,0.47069003931366415,1,6,1.5777777777777828,76.66666666666667,base
pedidos_checkout_rc,media_4s,3.1231481481481516,3.1231481481481516,0.0,False,0.06695967326810058,0,6,0.04999999999999005,6.75,sem_pos_pausa
pedidos_checkout_rc,media_8s,4.561257309941522,3.1231481481481516,-0.460467801582223,False,0.10472342921365256,1,6,1.6583333333333456,7.672222222222217,sem_pos_pausa
pedidos_checkout_rc,historia,4.592553673736123,3.1231481481481516,-0.47048857623332574,False,0.10695490528091998,1,6,1.8442622950819683,7.672222222222217,sem_pos_pausa
pedidos_checkout_rc,regressao,4.535559413537292,3.1231481481481516,-0.452239598760827,False,0.08886967797466261,2,6,1.5829581406658093,7.115218668671432,sem_pos_pausa
pedidos_checkout_rc,media_2s,3.6814814814814802,3.1231481481481516,-0.17877260598873246,False,0.07718113752235128,2,6,0.14999999999999147,7.966666666666654,sem_pos_pausa
pedidos_checkout_rc,media_6s,3.8259259259259273,3.1231481481481516,-0.22502223539875388,False,0.08753100523924502,2,6,0.15555555555554434,7.300000000000011,sem_pos_pausa
linhas_tarif_pap_rc,media_4s,21.351157407407413,21.351157407407413,0.0,False,0.23713239897161542,0,6,0.5500000000000114,67.05000000000003,sem_pos_pausa
linhas_tarif_pap_rc,media_8s,51.89413986354776,21.351157407407413,-1.4305071089749912,False,0.3983278740995491,1,6,15.858333333333348,107.63888888888886,sem_pos_pausa
linhas_tarif_pap_rc,historia,73.2063268966693,21.351157407407413,-2.4286818976507396,False,0.5132634245222975,0,6,51.529761904761884,107.63888888888886,sem_pos_pausa
linhas_tarif_pap_rc,regressao,56.35610972604388,21.351157407407413,-1.6394873425687035,False,8.654956757298676,1,6,26.022633244096994,72.25244802083671,sem_pos_pausa
linhas_tarif_pap_rc,media_2s,16.701157407407404,21.351157407407413,0.21778678838210297,True,0.2450226199716771,3,6,7.577777777777769,27.200000000000017,sem_pos_pausa
linhas_tarif_pap_rc,media_6s,34.01412037037037,21.351157407407413,-0.5930808677645627,False,0.289624966753489,3,6,5.422222222222231,94.69999999999996,sem_pos_pausa
linhas_op_pap_rc,media_4s,21.242361111111112,21.242361111111112,0.0,False,0.22951639425935685,0,6,0.05000000000001137,67.89999999999998,sem_pos_pausa
linhas_op_pap_rc,media_8s,53.56580165692008,21.242361111111112,-1.5216500829044723,False,0.4072044889566053,0,6,18.40000000000002,108.85555555555557,sem_pos_pausa
linhas_op_pap_rc,historia,75.25890522730407,21.242361111111112,-2.5428691205112246,False,0.5196527790903893,0,6,54.428571428571445,108.85555555555557,sem_pos_pausa
linhas_op_pap_rc,regressao,56.433623996284325,21.242361111111112,-1.656654959451091,False,8.129858953413423,1,6,27.505271963980157,71.23854955290135,sem_pos_pausa
linhas_op_pap_rc,media_2s,16.084027777777777,21.242361111111112,0.24283239072869334,True,0.2318225780745755,3,6,6.866666666666674,25.649999999999977,sem_pos_pausa
linhas_op_pap_rc,media_6s,34.761805555555554,21.242361111111112,-0.6364379352054659,False,0.29146666679520655,3,6,6.066666666666663,95.58333333333333,sem_pos_pausa
linhas_armazem,media_4s,124.91412037037043,124.91412037037043,0.0,False,0.1318481806011265,0,6,45.522222222222126,268.55000000000007,sem_pos_pausa
linhas_armazem,media_8s,122.88741471734905,124.91412037037043,0.016224792257370058,True,0.1278612518564224,4,6,10.275000000000205,181.00555555555547,sem_pos_pausa
linhas_armazem,historia,115.20521418257825,124.91412037037043,0.07772464921503885,True,0.11789953148267872,4,6,16.684782608695627,181.00555555555547,sem_pos_pausa
linhas_armazem,regressao,230.16247411109393,124.91412037037043,-0.8425657037704151,False,0.30272699513008416,1,6,59.880458322619006,516.9017583353393,sem_pos_pausa
linhas_armazem,media_2s,245.71412037037035,124.91412037037043,-0.9670644090662277,False,0.2438397565063283,1,6,148.2499999999999,300.9000000000002,sem_pos_pausa
linhas_armazem,media_6s,125.3363425925926,124.91412037037043,-0.0033801000316879826,False,0.13328206733080308,3,6,1.816666666666606,231.9000000000002,sem_pos_pausa
pedidos_pap_rc,media_4s,12.048379629629636,12.048379629629636,0.0,False,0.26359089699973937,0,6,1.3500000000000085,37.50000000000002,sem_pos_pausa
pedidos_pap_rc,media_8s,28.175207115009744,12.048379629629636,-1.338505922051183,False,0.41614126745922175,1,6,8.816666666666663,57.73888888888889,sem_pos_pausa
pedidos_pap_rc,historia,39.1034492793973,12.048379629629636,-2.2455359543314235,False,0.528767154887075,0,6,27.184523809523803,57.73888888888889,sem_pos_pausa
pedidos_pap_rc,regressao,28.38253549730615,12.048379629629636,-1.3557139108986243,False,11.588420648893416,1,6,11.646696276465633,37.16295115513168,sem_pos_pausa
pedidos_pap_rc,media_2s,8.965046296296295,12.048379629629636,0.25591269765029157,True,0.2689066763800312,2,6,1.0499999999999972,13.499999999999993,sem_pos_pausa
pedidos_pap_rc,media_6s,18.894675925925934,12.048379629629636,-0.5682337797075832,False,0.30958607437762425,3,6,2.022222222222233,51.00000000000002,sem_pos_pausa
linhas_tarif_end_pap_rc,media_4s,21.19236111111111,21.19236111111111,0.0,False,0.22959605146914286,0,6,0.15000000000000568,67.6,sem_pos_pausa
linhas_tarif_end_pap_rc,media_8s,53.382322124756314,21.19236111111111,-1.5189417000245466,False,0.40623904206982736,0,6,18.200000000000003,108.73888888888885,sem_pos_pausa
linhas_tarif_end_pap_rc,historia,75.12280834607928,21.19236111111111,-2.5448059775978686,False,0.5192194807696427,0,6,54.303571428571445,108.73888888888885,sem_pos_pausa
linhas_tarif_end_pap_rc,regressao,56.6282871581985,21.19236111111111,-1.6721084480062207,False,8.30889509135102,1,6,27.980326721828735,71.3272880457587,sem_pos_pausa
linhas_tarif_end_pap_rc,media_2s,16.075694444444444,21.19236111111111,0.24143919782416357,True,0.23210774985905078,3,6,6.866666666666674,25.399999999999984,sem_pos_pausa
linhas_tarif_end_pap_rc,media_6s,34.614583333333314,21.19236111111111,-0.6333519022184346,False,0.29089886026530537,3,6,5.933333333333309,95.29999999999995,sem_pos_pausa
linhas_tarif_checkout_rc,media_4s,3.1231481481481516,3.1231481481481516,0.0,False,0.06695967326810058,0,6,0.04999999999999005,6.75,sem_pos_pausa
linhas_tarif_checkout_rc,media_8s,4.561257309941522,3.1231481481481516,-0.460467801582223,False,0.10472342921365256,1,6,1.6583333333333456,7.672222222222217,sem_pos_pausa
linhas_tarif_checkout_rc,historia,4.592553673736123,3.1231481481481516,-0.47048857623332574,False,0.10695490528091998,1,6,1.8442622950819683,7.672222222222217,sem_pos_pausa
linhas_tarif_checkout_rc,regressao,4.535559413537292,3.1231481481481516,-0.452239598760827,False,0.08886967797466261,2,6,1.5829581406658093,7.115218668671432,sem_pos_pausa
linhas_tarif_checkout_rc,media_2s,3.6814814814814802,3.1231481481481516,-0.17877260598873246,False,0.07718113752235128,2,6,0.14999999999999147,7.966666666666654,sem_pos_pausa
linhas_tarif_checkout_rc,media_6s,3.8259259259259273,3.1231481481481516,-0.22502223539875388,False,0.08753100523924502,2,6,0.15555555555554434,7.300000000000011,sem_pos_pausa
linhas_tarif_end_checkout_rc,media_4s,3.1231481481481516,3.1231481481481516,0.0,False,0.06695967326810058,0,6,0.04999999999999005,6.75,sem_pos_pausa
linhas_tarif_end_checkout_rc,media_8s,4.561257309941522,3.1231481481481516,-0.460467801582223,False,0.10472342921365256,1,6,1.6583333333333456,7.672222222222217,sem_pos_pausa
linhas_tarif_end_checkout_rc,historia,4.592553673736123,3.1231481481481516,-0.47048857623332574,False,0.10695490528091998,1,6,1.8442622950819683,7.672222222222217,sem_pos_pausa
linhas_tarif_end_checkout_rc,regressao,4.535559413537292,3.1231481481481516,-0.452239598760827,False,0.08886967797466261,2,6,1.5829581406658093,7.115218668671432,sem_pos_pausa
linhas_tarif_end_checkout_rc,media_2s,3.6814814814814802,3.1231481481481516,-0.17877260598873246,False,0.07718113752235128,2,6,0.14999999999999147,7.966666666666654,sem_pos_pausa
linhas_tarif_end_checkout_rc,media_6s,3.8259259259259273,3.1231481481481516,-0.22502223539875388,False,0.08753100523924502,2,6,0.15555555555554434,7.300000000000011,sem_pos_pausa
pedidos_colmeia_rc,media_4s,10.565509259259256,10.565509259259256,0.0,False,0.2323411447839591,0,6,3.849999999999987,26.400000000000006,sem_pos_pausa
pedidos_colmeia_rc,media_8s,19.633223684210524,10.565509259259256,-0.8582373269896695,False,0.7596338338753931,2,6,2.11249999999999,42.355555555555554,sem_pos_pausa
pedidos_colmeia_rc,historia,26.867491036610158,10.565509259259256,-1.5429433051761698,False,1.036144576251114,0,6,16.279713114754102,42.355555555555554,sem_pos_pausa
pedidos_colmeia_rc,regressao,31.05212729197466,10.565509259259256,-1.9390090463232164,False,0.3488303505654937,1,6,14.30416768070124,42.57034891854155,sem_pos_pausa
pedidos_colmeia_rc,media_2s,8.353009259259254,10.565509259259256,0.20940779528076625,True,0.13872636105645839,3,6,4.899999999999984,18.077777777777776,sem_pos_pausa
pedidos_colmeia_rc,media_6s,14.848842592592597,10.565509259259256,-0.4054071818241578,False,0.48553846766411657,3,6,2.5444444444444443,38.36666666666666,sem_pos_pausa
linhas_tarif_colmeia_rc,media_4s,19.64652777777777,19.64652777777777,0.0,False,0.2224919781820246,0,6,5.09999999999998,51.64999999999998,sem_pos_pausa
linhas_tarif_colmeia_rc,media_8s,39.31365740740741,19.64652777777777,-1.0010486255935347,False,0.7692218832670036,1,6,2.137500000000003,83.1611111111111,sem_pos_pausa
linhas_tarif_colmeia_rc,historia,54.246322739155595,19.64652777777777,-1.7611150098753696,False,1.057018570734915,0,6,34.121926229508205,83.1611111111111,sem_pos_pausa
linhas_tarif_colmeia_rc,regressao,59.48274724763949,19.64652777777777,-2.027646814767979,False,0.3396067440397959,1,6,28.05888902409403,82.35104507679341,sem_pos_pausa
linhas_tarif_colmeia_rc,media_2s,16.700694444444444,19.64652777777777,0.14994167756530308,True,0.1429990818392671,3,6,9.699999999999974,35.400000000000006,sem_pos_pausa
linhas_tarif_colmeia_rc,media_6s,28.571527777777778,19.64652777777777,-0.4542787458909199,False,0.4809480538531233,3,6,3.5,75.28333333333333,sem_pos_pausa
linhas_tarif_end_colmeia_rc,media_4s,20.256018518518523,20.256018518518523,0.0,False,0.2243578132690669,0,6,5.249999999999986,52.550000000000026,sem_pos_pausa
linhas_tarif_end_colmeia_rc,media_8s,40.09183723196881,20.256018518518523,-0.9792555578143809,False,0.7696763138323054,1,6,2.72499999999998,84.70555555555556,sem_pos_pausa
linhas_tarif_end_colmeia_rc,historia,55.12737514231238,20.256018518518523,-1.7215306449247985,False,1.0550309824081736,0,6,34.2315573770492,84.70555555555556,sem_pos_pausa
linhas_tarif_end_colmeia_rc,regressao,60.78850327252528,20.256018518518523,-2.0010094637774456,False,0.3405003371023904,1,6,28.85077269408663,83.84663812640275,sem_pos_pausa
linhas_tarif_end_colmeia_rc,media_2s,17.056018518518503,20.256018518518523,0.1579777386693494,True,0.14305608893972008,3,6,9.59999999999998,36.19999999999996,sem_pos_pausa
linhas_tarif_end_colmeia_rc,media_6s,29.34768518518519,20.256018518518523,-0.44883779397984114,False,0.4830093587640805,3,6,3.5333333333333314,76.66666666666667,sem_pos_pausa
pedidos_checkout_rc,media_4s,2.93894736842105,2.93894736842105,0.0,False,0.06394934404071576,0,5,0.04999999999999005,5.700000000000003,sem_origem_36
pedidos_checkout_rc,media_8s,6.058708283181967,2.93894736842105,-1.0615232338907141,False,0.13950675985701186,0,5,3.8999999999999986,7.889189189189182,sem_origem_36
pedidos_checkout_rc,historia,6.79774734975183,2.93894736842105,-1.312987099664844,False,0.15800376575034378,0,5,4.564893617021291,7.889189189189182,sem_origem_36
pedidos_checkout_rc,regressao,2.5701797264662205,2.93894736842105,0.12547609593735254,True,0.050414357771107275,3,5,1.1005328193348944,4.124699110413374,sem_origem_36
pedidos_checkout_rc,media_2s,3.0284210526315762,2.93894736842105,-0.030444126074498534,False,0.06568686636946727,2,5,0.14999999999999147,7.6499999999999915,sem_origem_36
pedidos_checkout_rc,media_6s,4.492280701754387,2.93894736842105,-0.5285339063992378,False,0.10221334900215506,1,5,2.0596491228070093,7.300000000000011,sem_origem_36
linhas_tarif_pap_rc,media_4s,22.080526315789484,22.080526315789484,0.0,False,0.2354860760635075,0,5,0.5500000000000114,67.05000000000003,sem_origem_36
linhas_tarif_pap_rc,media_8s,58.69580424554108,22.080526315789484,-1.65826110329483,False,0.416303634588178,1,5,15.57763157894739,111.72972972972971,sem_origem_36
linhas_tarif_pap_rc,historia,77.09134758424791,22.080526315789484,-2.4913727363971816,False,0.5129520830748246,0,5,54.57894736842104,111.72972972972971,sem_origem_36
linhas_tarif_pap_rc,regressao,59.09866189351756,22.080526315789484,-1.676506032886404,False,9.678753611825853,1,5,27.419873366011046,72.63487350918054,sem_origem_36
linhas_tarif_pap_rc,media_2s,15.59052631578947,22.080526315789484,0.29392415321907905,True,0.23612128132074933,3,5,7.905263157894737,27.200000000000017,sem_origem_36
linhas_tarif_pap_rc,media_6s,37.71508771929824,22.080526315789484,-0.708070141984283,False,0.3026864814046696,2,5,5.094736842105263,94.69999999999996,sem_origem_36
linhas_op_pap_rc,media_4s,21.606842105263162,21.606842105263162,0.0,False,0.22226368520396494,0,5,0.05000000000001137,67.89999999999998,sem_origem_36
linhas_op_pap_rc,media_8s,60.48504632162526,21.606842105263162,-1.7993468933107928,False,0.42408376627479705,0,5,18.136842105263185,113.17162162162161,sem_origem_36
linhas_op_pap_rc,historia,79.23039974200108,21.606842105263162,-2.6669125157674722,False,0.5186791632289063,0,5,57.64912280701755,113.17162162162161,sem_origem_36
linhas_op_pap_rc,regressao,59.38475681022478,21.606842105263162,-1.7484236947221166,False,9.169808028574067,1,5,29.05427170868132,71.71249605670369,sem_origem_36
linhas_op_pap_rc,media_2s,14.526842105263153,21.606842105263162,0.32767398241297874,True,0.21671589786552542,3,5,7.121052631578948,25.649999999999977,sem_origem_36
linhas_op_pap_rc,media_6s,38.31842105263157,21.606842105263162,-0.7734392127250134,False,0.30123289955159904,2,5,5.812280701754389,95.58333333333333,sem_origem_36
linhas_armazem,media_4s,138.19210526315794,138.19210526315794,0.0,False,0.1471227819637896,0,5,18.2736842105262,268.55000000000007,sem_origem_36
linhas_armazem,media_8s,136.19788488893758,138.19210526315794,0.014430783657451207,True,0.13810316218241622,3,5,10.275000000000205,297.8118421052633,sem_origem_36
linhas_armazem,historia,112.82424928601851,138.19210526315794,0.18356950224350121,True,0.10916326900328763,2,5,61.70445344129553,240.5964912280699,sem_origem_36
linhas_armazem,regressao,326.59295009468434,138.19210526315794,-1.3633256724235907,False,0.5156441693847262,1,5,19.478423164136984,635.202057072791,sem_origem_36
linhas_armazem,media_2s,240.89263157894737,138.19210526315794,-0.743172166892007,False,0.24025262315545257,1,5,143.2263157894738,326.33684210526303,sem_origem_36
linhas_armazem,media_6s,160.60210526315788,138.19210526315794,-0.1621655590044364,False,0.1704266415051431,2,5,1.816666666666606,263.83684210526303,sem_origem_36
pedidos_pap_rc,media_4s,12.698421052631588,12.698421052631588,0.0,False,0.26570192544667204,0,5,1.3500000000000085,37.50000000000002,sem_origem_36
pedidos_pap_rc,media_8s,32.057497173286656,12.698421052631588,-1.524526241523795,False,0.438925732406559,1,5,9.044736842105259,59.62702702702705,sem_origem_36
pedidos_pap_rc,historia,41.18041715737125,12.698421052631588,-2.2429557176194854,False,0.5295525901757361,0,5,29.000000000000014,59.62702702702705,sem_origem_36
pedidos_pap_rc,regressao,29.445677662361085,12.698421052631588,-1.3188455903546243,False,13.20255910203104,1,5,12.119018440708643,37.02132688158971,sem_origem_36
pedidos_pap_rc,media_2s,8.128421052631579,12.698421052631588,0.3598872632320641,True,0.25504393691164035,2,5,1.0499999999999972,13.499999999999993,sem_origem_36
pedidos_pap_rc,media_6s,21.067017543859656,12.698421052631588,-0.6590265401141178,False,0.3249741656487864,2,5,2.229824561403518,51.00000000000002,sem_origem_36
linhas_tarif_end_pap_rc,media_4s,21.546842105263156,21.546842105263156,0.0,False,0.22236060172963343,0,5,0.15000000000000568,67.6,sem_origem_36
linhas_tarif_end_pap_rc,media_8s,60.2867164532954,21.546842105263156,-1.7979374498952407,False,0.423101679864868,0,5,17.936842105263167,113.05945945945948,sem_origem_36
linhas_tarif_end_pap_rc,historia,79.09336226176092,21.546842105263156,-2.6707635334850814,False,0.5182680838594614,0,5,57.52631578947366,113.05945945945948,sem_origem_36
linhas_tarif_end_pap_rc,regressao,59.60888195813659,21.546842105263156,-1.766478803108516,False,9.37857283657048,1,5,29.53876050419957,71.77972547014448,sem_origem_36
linhas_tarif_end_pap_rc,media_2s,14.516842105263152,21.546842105263156,0.32626590781406506,True,0.2170581040068958,3,5,7.121052631578948,25.399999999999984,sem_origem_36
linhas_tarif_end_pap_rc,media_6s,38.148421052631555,21.546842105263156,-0.770487798920344,False,0.3006243232698683,2,5,5.678947368421035,95.29999999999995,sem_origem_36
linhas_tarif_checkout_rc,media_4s,2.93894736842105,2.93894736842105,0.0,False,0.06394934404071576,0,5,0.04999999999999005,5.700000000000003,sem_origem_36
linhas_tarif_checkout_rc,media_8s,6.058708283181967,2.93894736842105,-1.0615232338907141,False,0.13950675985701186,0,5,3.8999999999999986,7.889189189189182,sem_origem_36
linhas_tarif_checkout_rc,historia,6.79774734975183,2.93894736842105,-1.312987099664844,False,0.15800376575034378,0,5,4.564893617021291,7.889189189189182,sem_origem_36
linhas_tarif_checkout_rc,regressao,2.5701797264662205,2.93894736842105,0.12547609593735254,True,0.050414357771107275,3,5,1.1005328193348944,4.124699110413374,sem_origem_36
linhas_tarif_checkout_rc,media_2s,3.0284210526315762,2.93894736842105,-0.030444126074498534,False,0.06568686636946727,2,5,0.14999999999999147,7.6499999999999915,sem_origem_36
linhas_tarif_checkout_rc,media_6s,4.492280701754387,2.93894736842105,-0.5285339063992378,False,0.10221334900215506,1,5,2.0596491228070093,7.300000000000011,sem_origem_36
linhas_tarif_end_checkout_rc,media_4s,2.93894736842105,2.93894736842105,0.0,False,0.06394934404071576,0,5,0.04999999999999005,5.700000000000003,sem_origem_36
linhas_tarif_end_checkout_rc,media_8s,6.058708283181967,2.93894736842105,-1.0615232338907141,False,0.13950675985701186,0,5,3.8999999999999986,7.889189189189182,sem_origem_36
linhas_tarif_end_checkout_rc,historia,6.79774734975183,2.93894736842105,-1.312987099664844,False,0.15800376575034378,0,5,4.564893617021291,7.889189189189182,sem_origem_36
linhas_tarif_end_checkout_rc,regressao,2.5701797264662205,2.93894736842105,0.12547609593735254,True,0.050414357771107275,3,5,1.1005328193348944,4.124699110413374,sem_origem_36
linhas_tarif_end_checkout_rc,media_2s,3.0284210526315762,2.93894736842105,-0.030444126074498534,False,0.06568686636946727,2,5,0.14999999999999147,7.6499999999999915,sem_origem_36
linhas_tarif_end_checkout_rc,media_6s,4.492280701754387,2.93894736842105,-0.5285339063992378,False,0.10221334900215506,1,5,2.0596491228070093,7.300000000000011,sem_origem_36
pedidos_colmeia_rc,media_4s,9.007368421052629,9.007368421052629,0.0,False,0.21805928728546098,0,5,1.7210526315789352,26.400000000000006,sem_origem_36
pedidos_colmeia_rc,media_8s,25.53847357478936,9.007368421052629,-1.8352868874663901,False,0.9812044438280948,0,5,11.478947368421053,42.89459459459459,sem_origem_36
pedidos_colmeia_rc,historia,31.740448684412847,9.007368421052629,-2.5238315122346866,False,1.2654201174655724,0,5,26.12280701754387,42.89459459459459,sem_origem_36
pedidos_colmeia_rc,regressao,28.0590172706461,9.007368421052629,-2.1151181964606525,False,0.3139513125337038,1,5,13.644257703082005,36.68580027781285,sem_origem_36
pedidos_colmeia_rc,media_2s,6.8773684210526245,9.007368421052629,0.236473062989366,True,0.11305103701069605,2,5,2.721052631578935,12.61578947368421,sem_origem_36
pedidos_colmeia_rc,media_6s,15.871052631578948,9.007368421052629,-0.7620077129835228,False,0.549365723556599,1,5,0.08771929824561653,38.36666666666666,sem_origem_36
linhas_tarif_colmeia_rc,media_4s,16.486315789473675,16.486315789473675,0.0,False,0.20762962136278915,0,5,0.8131578947368467,51.64999999999998,sem_origem_36
linhas_tarif_colmeia_rc,media_8s,51.62266549950762,16.486315789473675,-2.131243278287081,False,0.9982209882733027,0,5,25.011842105263185,84.22567567567566,sem_origem_36
linhas_tarif_colmeia_rc,historia,63.84371743376222,16.486315789473675,-2.872527873967191,False,1.2871441177327982,0,5,53.85964912280703,84.22567567567566,sem_origem_36
linhas_tarif_colmeia_rc,regressao,53.51708129897315,16.486315789473675,-2.2461516558565013,False,0.3045891187344575,1,5,26.814945144726025,70.5036193964765,sem_origem_36
linhas_tarif_colmeia_rc,media_2s,13.25631578947368,16.486315789473675,0.19592006129485362,True,0.11233928656892289,2,5,2.6631578947368553,24.26842105263158,sem_origem_36
linhas_tarif_colmeia_rc,media_6s,32.63701754385964,16.486315789473675,-0.9796428723449544,False,0.5628961931835113,0,5,2.8701754385964904,75.28333333333333,sem_origem_36
linhas_tarif_end_colmeia_rc,media_4s,16.97842105263158,16.97842105263158,0.0,False,0.20899061148077855,0,5,1.4789473684210748,52.550000000000026,sem_origem_36
linhas_tarif_end_colmeia_rc,media_8s,52.494572710362185,16.97842105263158,-2.0918406692609235,False,0.9973510877122237,0,5,24.796052631578945,85.7918918918919,sem_origem_36
linhas_tarif_end_colmeia_rc,historia,64.94791986712478,16.97842105263158,-2.8253215458488192,False,1.2857411806954806,0,5,54.21052631578945,85.7918918918919,sem_origem_36
linhas_tarif_end_colmeia_rc,regressao,54.65374302694454,16.97842105263158,-2.219012112935758,False,0.3051623163394675,1,5,27.572041316527958,71.80186638758059,sem_origem_36
linhas_tarif_end_colmeia_rc,media_2s,13.74842105263156,16.97842105263158,0.19024148299699428,True,0.11449973620451859,2,5,3.678947368421035,24.963157894736796,sem_origem_36
linhas_tarif_end_colmeia_rc,media_6s,33.13824561403508,16.97842105263158,-0.9517860648707845,False,0.5620222775656482,0,5,2.154385964912251,76.66666666666667,sem_origem_36
