serie,taxa_mes1_dia_normal,erro_rel_min_normal,erro_rel_max_normal,inclinacao_semana_normal,inclinacao_ic_inf_normal,inclinacao_ic_sup_normal,taxa_mes1_dia_estresse,erro_rel_min_estresse,erro_rel_max_estresse,inclinacao_semana_estresse,inclinacao_ic_inf_estresse,inclinacao_ic_sup_estresse
pedidos_checkout_rc,52.36842105263158,0.0010504201680670178,0.1295454545454546,0.5133780199156449,-1.2095605503726148,2.2363165902039044,44.277777777777786,-0.1009588268471517,0.1295454545454546,-1.1463545259482135,-3.9102410912484147,1.6175320393519876
linhas_tarif_pap_rc,75.94736842105264,-0.5361855257896843,0.3094373865698729,-4.77352116259652,-11.096172727124664,1.549130401931623,52.0,-0.5361855257896843,0.3094373865698729,-6.205352707354725,-11.973361946678505,-0.4373434680309458
linhas_op_pap_rc,75.26315789473684,-0.5331762858264624,0.2659908813244209,-5.032173225813176,-11.468284489406562,1.4039380377802093,51.38888888888889,-0.5331762858264624,0.2659908813244209,-6.431817579570347,-12.27916135116464,-0.5844738079760532
linhas_armazem,1283.7368421052631,-0.051277172620463586,0.3153290671050315,28.969475513864722,-15.272553750448637,73.21150477817808,1317.2777777777778,-0.051277172620463586,0.3153290671050315,21.885644265022528,-17.464612999879677,61.23590152992473
pedidos_pap_rc,38.10526315789475,-0.5690440060698029,0.34173461823573054,-2.28238875004941,-5.581977907100387,1.0172004070015666,25.611111111111107,-0.5690440060698029,0.34173461823573054,-2.9944306272290913,-5.958317918599495,-0.030543335858687293
linhas_tarif_end_pap_rc,75.26315789473684,-0.5322834645669291,0.2670565302144247,-5.027565543887386,-11.476097108034663,1.4209660202598915,51.38888888888889,-0.5322834645669291,0.2670565302144247,-6.425758580316471,-12.283019813029455,-0.5684973476034889
linhas_tarif_checkout_rc,52.36842105263158,0.0010504201680670178,0.1295454545454546,0.5133780199156449,-1.2095605503726148,2.2363165902039044,44.277777777777786,-0.1009588268471517,0.1295454545454546,-1.1463545259482135,-3.9102410912484147,1.6175320393519876
linhas_tarif_end_checkout_rc,52.36842105263158,0.0010504201680670178,0.1295454545454546,0.5133780199156449,-1.2095605503726148,2.2363165902039044,44.277777777777786,-0.1009588268471517,0.1295454545454546,-1.1463545259482135,-3.9102410912484147,1.6175320393519876
pedidos_colmeia_rc,60.578947368421055,-0.06486941870261143,0.7353760445682455,1.7622099010613776,-0.7781306370705925,4.302550439193348,54.33333333333334,-0.07674879637496447,0.7353760445682455,-0.38250740684618123,-4.120273702693123,3.355258889000761
linhas_tarif_colmeia_rc,121.73684210526318,-0.04392764857881121,0.7284908321579684,3.6869257869328855,-1.3452002903676163,8.719051864233387,109.38888888888887,-0.06184486373165605,0.7284908321579684,-0.6054219619977073,-8.062328290143515,6.8514843661481
linhas_tarif_end_colmeia_rc,123.42105263157892,-0.04435994930291497,0.7263303386316522,3.679784170156416,-1.4457456975200174,8.805314037832849,110.88888888888887,-0.0681605975723623,0.7263303386316522,-0.6739840585624881,-8.244496282928647,6.89652816580367
